first_name,last_name,email,username,password
Otho,Fozard,ofozard0@livejournal.com,ofozard0,hS5(j4aXw+hjxbm#atA
Kailey,Feavers,kfeavers1@github.io,kfeavers1,"kQ5&CdL4p'<""t""hrv~C"
Nellie,Waterworth,nwaterworth2@blogspot.com,nwaterworth2,dL6(q6EMpKDj
Robyn,Kirtley,rkirtley3@exblog.jp,rkirtley3,"wX4>6Y""\D7O3tvIu{=0iDP"
Rickie,Foden,rfoden4@deviantart.com,rfoden4,wZ0)67dO0|C*xr3NF'<
Fedora,de Quincey,fdequincey5@oakley.com,fdequincey5,"xZ6,sG""g96(3_,BmBWxT"
Knox,Attkins,kattkins6@prnewswire.com,kattkins6,"rQ1|+>A""$obVFFp)I_IHy0"
Kimberley,Vossing,kvossing7@yolasite.com,kvossing7,xB6=r+eLjh#{9
Cordelia,Basini-Gazzi,cbasinigazzi8@tinypic.com,cbasinigazzi8,sU6>fN*S*}U1$s<
Raul,Stollenberg,rstollenberg9@reference.com,rstollenberg9,uZ0}R{V.<PYZgo
Riki,Ribbens,rribbensa@examiner.com,rribbensa,xO3}ypWsXSDP=vA~J
Natal,Purry,npurryb@ebay.com,npurryb,nG0.a`@ZJG$hy9gal
Mareah,Alday,maldayc@nps.gov,maldayc,pO5/T@\/WKKYkbNnib$b0
Danette,Jesse,djessed@alibaba.com,djessed,"bR8""kZ.?rwnk`cyn"
Vanda,Bugs,vbugse@rambler.ru,vbugse,"yG7%uRr_AS}5r+0L8uiX,"
Larine,Colling,lcollingf@go.com,lcollingf,dS5{&@mj3y0\c{*ajL4\
Ashby,Yalden,ayaldeng@dyndns.org,ayaldeng,cN6<h<4P7~rSh(T=X
Dall,Cohane,dcohaneh@typepad.com,dcohaneh,"gU9@M""Tbv~!=g$xMz"
Silas,Huish,shuishi@psu.edu,shuishi,eP2&E}MQ8xURd.cJUW||uXM=
Zarah,Wilacot,zwilacotj@europa.eu,zwilacotj,pQ4?YCVjBB_aRXxrmEB1~`1e
Chandal,Kyllford,ckyllfordk@berkeley.edu,ckyllfordk,zL9{BuF.ByLKf0
Fredrika,Locksley,flocksleyl@amazon.co.uk,flocksleyl,qC5%K39DpSZyi$
Prince,Roache,proachem@netscape.com,proachem,uQ4<O.}&L|r.|BIQZ{0>G
Audra,Bruhnsen,abruhnsenn@i2i.jp,abruhnsenn,rW8_nW`NCWM.
Nomi,Dudney,ndudneyo@engadget.com,ndudneyo,"rM1)?o6dvLi<pV""rb`2"
Faustina,Dwelley,fdwelleyp@dyndns.org,fdwelleyp,cI8==|~PdNFrb
Laurella,Duxbury,lduxburyq@ow.ly,lduxburyq,lE6)hw@n60&.lk9
Friederike,Placstone,fplacstoner@de.vu,fplacstoner,xN3}a?'`XB<W\?uX*pXxDx
Merridie,Reinert,mreinerts@answers.com,mreinerts,"tP5(y$\TDX8h}{9,nq"
Sidonnie,Ygoe,sygoet@irs.gov,sygoet,"sD4&5,>Y~cQ1f=fj"
Willabella,Divine,wdivineu@mail.ru,wdivineu,"zH3""vFP>x(UvIG?<Dg"
Daloris,Marie,dmariev@taobao.com,dmariev,jD3/|l~RCf0Y3ys!`Fbu9l\g
Clyve,Drury,cdruryw@reference.com,cdruryw,aB1>c!7yGhNqst3X|
Valerie,Prendeville,vprendevillex@xing.com,vprendevillex,"mV4%b3_gEy>?""DG9LV"
Jimmie,Dyson,jdysony@cmu.edu,jdysony,tE3~p\C|0)Dg#
Alvie,Rack,arackz@ask.com,arackz,nB9$f_V_1!m/eZW1/
Nanny,Mead,nmead10@wired.com,nmead10,yL7>#>E$u=bB#2Yt98EkB
Egor,McKibben,emckibben11@nytimes.com,emckibben11,"fX1.Bh{,x*\b,is}"
John,Anderton,janderton12@histats.com,janderton12,"yS3,`0DaiT,Sr0PdT6.w"
Sawyer,Peddel,speddel13@flickr.com,speddel13,fS3*szA.4!oR&4
Onfroi,Crackel,ocrackel14@about.me,ocrackel14,"uJ6/fLY&R#V""#dr~U#`\"
Brion,Lemary,blemary15@walmart.com,blemary15,"uK6~4ONp)`V7w`""L??Q"">u"
Dorolice,Rudram,drudram16@state.tx.us,drudram16,"zP4""s=J82E{owUwKBl's%cx"
Giacinta,Rogeron,grogeron17@sciencedirect.com,grogeron17,wL7`=J`.Ag3KL$30B`q
Jeannie,Moens,jmoens18@tuttocitta.it,jmoens18,cV9<M<6q~0ZcX~+r$&<\SddV
Sandi,Bushen,sbushen19@spotify.com,sbushen19,"aW9_oz>h<""+hu@c7"
Dynah,Millins,dmillins1a@examiner.com,dmillins1a,lX5<##ywP\z?kpXAk
Abdul,Clayill,aclayill1b@yellowpages.com,aclayill1b,"lG8`4wCXEqJ_XW{#2q_1\'""T"
Shermy,Eburne,seburne1c@ameblo.jp,seburne1c,xF9\1NO)+5jDVJvRa
Kendal,Ogglebie,kogglebie1d@addthis.com,kogglebie1d,"fG5\?Jzi""Gk5W"
Sinclare,Wrightson,swrightson1e@blogs.com,swrightson1e,"bB4@.In0BO@h""69v"
Siouxie,Rehn,srehn1f@jimdo.com,srehn1f,"oY6~.a2OwdjZ"")"
Farr,Fendlow,ffendlow1g@cnbc.com,ffendlow1g,"vO3|E#R+o_yi,!%eL{8"
Den,Bussen,dbussen1h@latimes.com,dbussen1h,eH1`Menua%<T\|2g.'
Kali,Langfitt,klangfitt1i@cbc.ca,klangfitt1i,"mL5%N_utH_G"""
Agnes,Rhodes,arhodes1j@phpbb.com,arhodes1j,"tK0)""N"".)3s?c~"
Cheston,Amorts,camorts1k@ovh.net,camorts1k,"iH2|=5IAi"">Q{KqskX"
Chrissie,McArdle,cmcardle1l@booking.com,cmcardle1l,bP1$1j%*hNdMlRKZT)u)B(I
Bil,Asplen,basplen1m@ow.ly,basplen1m,kA9<k'9u`ygt_gwL
Marijo,Dace,mdace1n@google.es,mdace1n,"lL7?L""iLTF,5EW&"
Gui,Gladbeck,ggladbeck1o@yellowbook.com,ggladbeck1o,"eE4!T""$K8x+cXT)oB)q\tbIK"
Stan,Mayho,smayho1p@mediafire.com,smayho1p,"oJ8?>DT8=8+!sf,.("
Estele,Greenin,egreenin1q@pbs.org,egreenin1q,bL9*I55{`)oX>CDU*dk
Devon,Megarrell,dmegarrell1r@ihg.com,dmegarrell1r,"mF4#)c%5?>,>An"
Chloe,Cussons,ccussons1s@paypal.com,ccussons1s,"xU7#""pdq=L{$S>7MZ"
Lenette,Mignot,lmignot1t@tinyurl.com,lmignot1t,jK3`ax!))I+uLrHfO?t/_?
Lanny,Tolefree,ltolefree1u@ihg.com,ltolefree1u,"rW6,9}X!~sY\xjf'"
Mandel,Fitzpayn,mfitzpayn1v@mozilla.com,mfitzpayn1v,"qX9'\""LEq&YV8g@9Cu"
Betteann,Fontin,bfontin1w@webnode.com,bfontin1w,nM1<1f)*0nZ5Ym(TA}b(pxN
Esdras,Faraker,efaraker1x@tripod.com,efaraker1x,cN6&LHEh)=\7s8H|5Y
Grayce,Scottesmoor,gscottesmoor1y@howstuffworks.com,gscottesmoor1y,"fF3!BO,83bh#la#i!<Bcu"
Eada,Krzysztof,ekrzysztof1z@vkontakte.ru,ekrzysztof1z,zP3>~b_QW|A!h&
Eolande,Jurgensen,ejurgensen20@chron.com,ejurgensen20,sB5>=%H|Io{o&&`Pg5$v\@P3
Therese,Titchener,ttitchener21@biglobe.ne.jp,ttitchener21,oI5!V4<YH#%&_6gU5&N3*i
Brier,Gladdin,bgladdin22@163.com,bgladdin22,xW2.Ajkcf`p+it3V+#
Allx,Moran,amoran23@gizmodo.com,amoran23,hI2.XARxN/4>B
Giorgio,Cottom,gcottom24@pagesperso-orange.fr,gcottom24,"jW2@b?~g3I$KD""vnM~HW)lGS"
Ambrosi,Anderton,aanderton25@timesonline.co.uk,aanderton25,bO9|%Tv@p{vPmIS8Ec7}c
Michail,Rude,mrude26@google.it,mrude26,gS2{M1_<FZ5q!
Wadsworth,Antonio,wantonio27@home.pl,wantonio27,"oX3%m""GD7`\1k""iXyk=0#S_"
Wilhelmina,Pietzner,wpietzner28@mapquest.com,wpietzner28,"uO2""p.yT@S&31y"
Fanni,Challenor,fchallenor29@printfriendly.com,fchallenor29,hJ8>f%9|3~#<
Alanna,Coulman,acoulman2a@eepurl.com,acoulman2a,eI6?Ma)(Fmy8e_I$
Lucias,Crux,lcrux2b@thetimes.co.uk,lcrux2b,lG4>rvd5@MLE<K6tzys|$oN>
Emyle,Chevins,echevins2c@squarespace.com,echevins2c,zQ1|3nf/x8)e31088
Paulo,Lerwill,plerwill2d@examiner.com,plerwill2d,"hD0=zWGEF16'UPu},0XHk7q~"
Goldarina,Scarr,gscarr2e@php.net,gscarr2e,mO3)q_|smf_u
Arvin,Crebott,acrebott2f@globo.com,acrebott2f,"sD1,dbqo(GGd{%<kC"
Jojo,Metzel,jmetzel2g@vinaora.com,jmetzel2g,nO7>Xk7C23X~w=iosw
Russ,Eleshenar,releshenar2h@elpais.com,releshenar2h,eT2/hA./FWyil}
Angelica,Selcraig,aselcraig2i@economist.com,aselcraig2i,sJ2)x)ne#/.<Y@Hhl/pN+Qk
Janessa,Kuhwald,jkuhwald2j@stanford.edu,jkuhwald2j,"tC6<K~D""&#yR1"
Lillian,Ponder,lponder2k@csmonitor.com,lponder2k,"eN1~2%ch*l""#um+6)tN/~"
Shurwood,Costi,scosti2l@hao123.com,scosti2l,"mH4`#s*,z'PSLphgo0Tb'nd"
Imelda,Trickey,itrickey2m@google.de,itrickey2m,gB8$@d{(}2AW0$XRZ0<t1K{
Holden,Pessolt,hpessolt2n@biglobe.ne.jp,hpessolt2n,"gJ0)eG,m|rZXX"
Julie,Wigfield,jwigfield2o@comcast.net,jwigfield2o,vM7@'fXekR(*lPFt
Caro,Winskill,cwinskill2p@linkedin.com,cwinskill2p,rS7&\1#./'byFHlDso7qEOg
Rivi,Hurn,rhurn2q@mozilla.org,rhurn2q,wY1%JTx.1V`L
Misha,Golder,mgolder2r@merriam-webster.com,mgolder2r,bJ9=Lw'nr~uC2!*G
Willyt,McReynold,wmcreynold2s@seesaa.net,wmcreynold2s,sK0_*1<.wFM#$upPPU1X
Kareem,Gauford,kgauford2t@purevolume.com,kgauford2t,"tD1,o(+MQWoL)EHf24*7jhIH"
Genovera,Hearse,ghearse2u@adobe.com,ghearse2u,"hX1<""iaspI>#UHtoBRkS'("
Ottilie,Snufflebottom,osnufflebottom2v@hp.com,osnufflebottom2v,hC7>+u*.>u'MDn2bdM|
Theodosia,Membry,tmembry2w@cnet.com,tmembry2w,pJ1#pe!72$SL|zz
Danika,Wegenen,dwegenen2x@usgs.gov,dwegenen2x,sL1*0c>a'=.|CLK
Reade,Kalkofer,rkalkofer2y@redcross.org,rkalkofer2y,"wH4)/Hz\li9""2&4)qy0~D0"
Marita,Castelain,mcastelain2z@wp.com,mcastelain2z,hJ1{au9!9HL9
Antonella,Valek,avalek30@tinyurl.com,avalek30,mX7\e/3fn$Hs#=8bMBd@b
Almira,Brownfield,abrownfield31@yellowbook.com,abrownfield31,xB7#}Vdk%&*\i%l3q+92
Ediva,Acom,eacom32@desdev.cn,eacom32,"dC9_O`0ce,a@PrH)u"
Jen,Beevors,jbeevors33@msn.com,jbeevors33,kO0+xJ(963iQY\Ud2FX5
Timmi,Burbridge,tburbridge34@fema.gov,tburbridge34,xD9!cA$vTH8luNcJ
Athena,Bantham,abantham35@google.it,abantham35,"fE7%/S""+G*e>2s`I))""ZUT."
Ellyn,Gregg,egregg36@japanpost.jp,egregg36,sV0$#i`RFZ_$4mVB$&k
Blondy,Jozsika,bjozsika37@liveinternet.ru,bjozsika37,cO3>c9}PvZS~m?0>id%
Adrienne,Pilmore,apilmore38@state.tx.us,apilmore38,tR4`'2cc`=HxSm)a@6zgTXW
Jaclin,Birdis,jbirdis39@acquirethisname.com,jbirdis39,wM7*YH4v30nF$MIzNL
Luigi,Mattheissen,lmattheissen3a@gravatar.com,lmattheissen3a,pQ3\F)duD!3?GSq`O(lkf9J?
Hector,Gillanders,hgillanders3b@oakley.com,hgillanders3b,rS5/<_3TD2pmovq
Lauren,Andreone,landreone3c@lycos.com,landreone3c,nM7+p3r#.'CzLl
Alejandrina,Cunnow,acunnow3d@devhub.com,acunnow3d,"oJ6,""~>CHS3DV7i=rJ&%DK"
Dwight,Northley,dnorthley3e@timesonline.co.uk,dnorthley3e,eU9~.hFa#o>Etgajo'b7HZP5
Editha,Driffill,edriffill3f@mediafire.com,edriffill3f,"bG6#kt*y!rOk"""
Dinny,Vecard,dvecard3g@constantcontact.com,dvecard3g,pX3%3jNj.waT!NNCMOiGf7
Melita,Surguine,msurguine3h@comcast.net,msurguine3h,iL3~s!ZgTFQSi8Weg5EW(
Anet,Geram,ageram3i@google.de,ageram3i,"gC6""<7nECKw+""`yW"
Tynan,Brookhouse,tbrookhouse3j@freewebs.com,tbrookhouse3j,fC3)/kq%sQ14uZy=9aR
Emmet,Ruddiforth,eruddiforth3k@typepad.com,eruddiforth3k,qO0`/Zvr859Zacb6!w!
Borg,Murthwaite,bmurthwaite3l@kickstarter.com,bmurthwaite3l,"iC9}nVqxV9""6Yn"
Eugenia,Blowne,eblowne3m@yellowbook.com,eblowne3m,rP0(&&AUzy@dL
Shandy,Izakovitz,sizakovitz3n@about.me,sizakovitz3n,sG9`BelDy0oz
Viviene,Barles,vbarles3o@delicious.com,vbarles3o,kY2+=.ZBcv`gzmkC.80'C!_
Taddeusz,Proby,tproby3p@apple.com,tproby3p,"iB0""ld'\N5\Z~OVLu%S."
Kenon,Dymidowski,kdymidowski3q@netvibes.com,kdymidowski3q,jE7%LyN?+%Z'l6
Malia,Lyal,mlyal3r@printfriendly.com,mlyal3r,zM2?/ax_~pzgqu4+z7Pl'aC
Bernardine,Whyley,bwhyley3s@elegantthemes.com,bwhyley3s,oM2!!9@)cZXQY!\>
Sandy,Tallach,stallach3t@cdbaby.com,stallach3t,"sJ6{&bqzK05""DUnNqBty"
Margy,Blamires,mblamires3u@howstuffworks.com,mblamires3u,"bV3)P/U=""?OO"
Gian,Dorney,gdorney3v@blogspot.com,gdorney3v,wH5{2\%r7cYP$yH@zjSU8
Michaelina,Alchin,malchin3w@amazon.co.uk,malchin3w,aX4?C9S(jKpo_`QdIbF
Alfie,Vidler,avidler3x@washingtonpost.com,avidler3x,jO9`XvlH9qoEmNPFYTx|.mC
Martino,Pettwood,mpettwood3y@tumblr.com,mpettwood3y,"yS6%8%=C0}3R6""`ZU'KW3"
Robinia,Dmitrovic,rdmitrovic3z@eepurl.com,rdmitrovic3z,mZ3.x69G_l0|mSkwUVNS
Caitrin,Krysiak,ckrysiak40@shareasale.com,ckrysiak40,xH6#wF'F=<$6~m
Svend,Burl,sburl41@live.com,sburl41,eG8|f+=EDH&Z_JDb
Rustie,Pheazey,rpheazey42@dell.com,rpheazey42,nP5#`tM}E!T&k
Berthe,Milliere,bmilliere43@jimdo.com,bmilliere43,uR7(=%@/8Y}@6l*OW>#c
Fawn,Turneaux,fturneaux44@deviantart.com,fturneaux44,xH4'UvC{B9W$1(EdxCr*OV8
Ninnetta,Livesey,nlivesey45@sfgate.com,nlivesey45,yM8~5=~q$U!P_@8G.zoT<
Ingunna,Burnett,iburnett46@fema.gov,iburnett46,lW2(6.!(+@x)
Reider,Ollis,rollis47@state.tx.us,rollis47,yF2@'MonHC'XSL{r|HJo.
Jillian,Pactat,jpactat48@cyberchimps.com,jpactat48,dZ4!Tv+'*#'zlC!6NHr/
Dode,Spadeck,dspadeck49@skype.com,dspadeck49,rA7(')3m=}ud
Adele,Kits,akits4a@networkadvertising.org,akits4a,oS3$1tC3H1vP_qE'9K*gt8z
Nan,Jeanenet,njeanenet4b@cafepress.com,njeanenet4b,"vO0_<#knkV~_L3T.,_3DE"
Adelina,Spellesy,aspellesy4c@mac.com,aspellesy4c,vU1{Pr%B!Vqk
Jena,Bursnall,jbursnall4d@google.com.hk,jbursnall4d,"qN3<k,l.2kZ895fJJ@Eo"
Ernie,Lyvon,elyvon4e@nyu.edu,elyvon4e,aA0{(T\2sPTarJiP8eF
Mureil,Degue,mdegue4f@is.gd,mdegue4f,"uR6{Kf8?BqL2""fux8>bH5pNU"
Lesley,Kemmet,lkemmet4g@hatena.ne.jp,lkemmet4g,"zU8)""7m~kN62c=)j*%zoWJK8"
Shayna,Dowyer,sdowyer4h@un.org,sdowyer4h,"cM5""8ggm'GLe"
Ivonne,Bottom,ibottom4i@clickbank.net,ibottom4i,cY8$0~m5$m4x5JM
Mellisent,Willwood,mwillwood4j@home.pl,mwillwood4j,"jN9""}fXYzd<Sn#d@#41g"
Ignaz,Cuxson,icuxson4k@squidoo.com,icuxson4k,eR2{4~Z\GrvG!Zit19!\OR
Brett,Durn,bdurn4l@privacy.gov.au,bdurn4l,mW3<r9<Rc}H`fbH~UtR
Giles,Samuel,gsamuel4m@mozilla.com,gsamuel4m,"kS7}""D8_N+~E"
Nissie,Broad,nbroad4n@scribd.com,nbroad4n,cH4~ZARb%!l7cj0
Hanni,Lamberto,hlamberto4o@buzzfeed.com,hlamberto4o,"nW7'<E8L?=\D|86}t_"""
Florance,Hanster,fhanster4p@people.com.cn,fhanster4p,oR1'QetS>%s.{rK|ql
Woodie,Harpin,wharpin4q@admin.ch,wharpin4q,"wT7}XbQs2~PKBuvdDlL*T,~"
Selie,Charity,scharity4r@cornell.edu,scharity4r,hK6`|M|lvHS9npw
Teddy,Hartfleet,thartfleet4s@paypal.com,thartfleet4s,gP4!doFM43N9=b
Mikaela,Guerra,mguerra4t@unc.edu,mguerra4t,dM9_5Yw{Aq(=U#o
Craig,Lidell,clidell4u@samsung.com,clidell4u,bB6/tDgJ{*4NoYjssv
Delora,Winspeare,dwinspeare4v@creativecommons.org,dwinspeare4v,"yP6""XeO#>WGJO.,$+=6XO~O"
Chet,Corter,ccorter4w@independent.co.uk,ccorter4w,"lN6\oA""rEz}oix#opHNd?s*r"
Wyatt,Hayes,whayes4x@boston.com,whayes4x,"tN2&Ey2Jdrta&O,v_UGiOjJ"
Cherin,Statham,cstatham4y@eventbrite.com,cstatham4y,zD9*XhITy+en@Za%prE
Leoline,Yglesias,lyglesias4z@senate.gov,lyglesias4z,jO1/+}cT}z.l%
Tallulah,Wurst,twurst50@lycos.com,twurst50,"sL0""v77{zz6m6O2"
Milli,Shah,mshah51@uol.com.br,mshah51,bY9`~!5>g?y>SUB>W5aP
Sarah,Yakovl,syakovl52@google.co.jp,syakovl52,"vX4#@qpKu}a""j6p$Rai>u4"
Kalindi,Spridgeon,kspridgeon53@apple.com,kspridgeon53,"xK8,=Ki_?)gq}$ra@rkLsU"
Dannie,Otteridge,dotteridge54@msu.edu,dotteridge54,"bC8*Z#QLU.L0kRp}9N|9J,x~"
Vita,MacArte,vmacarte55@biglobe.ne.jp,vmacarte55,qZ6#0'du3eCFoZto
Danyette,Granville,dgranville56@admin.ch,dgranville56,uS6@2Y5q|J4O8Fmc*zKrq3|W
Ferrel,Grigolashvill,fgrigolashvill57@bluehost.com,fgrigolashvill57,"yF6(A""O?moeRYGeK"
Burgess,Buesden,bbuesden58@studiopress.com,bbuesden58,gN5}{$ER+$5&t
Torrence,Grabiec,tgrabiec59@blogger.com,tgrabiec59,fR6%z<|(deqg(=k.1x02)$W
Rustin,Bestman,rbestman5a@si.edu,rbestman5a,wQ3#uNY@zD~{Y(LpjF
Cobby,Gregine,cgregine5b@etsy.com,cgregine5b,uO9&'.5A=2=#j_s>66
Nari,Upham,nupham5c@cbc.ca,nupham5c,oE6!s%\TQP%@
Alfreda,Behn,abehn5d@techcrunch.com,abehn5d,"kP5,Pe$cl)$9))T7(J?+g9"
Madelena,Driussi,mdriussi5e@earthlink.net,mdriussi5e,cM9*6bwo+*9g7M
Tedda,Hallt,thallt5f@aboutads.info,thallt5f,"wR9,A6$%xW~ORq5LjbxWp="
Renae,Kebell,rkebell5g@upenn.edu,rkebell5g,yJ3'?}&H2CEzi
Jakob,Hamlington,jhamlington5h@prlog.org,jhamlington5h,cS1.5qHCBupps&|d
Randy,Hillhouse,rhillhouse5i@youku.com,rhillhouse5i,wF4}NiWE=}c.=\VobZ30}r
Alisa,Pioli,apioli5j@digg.com,apioli5j,vX3~~L3{f.\=lgDegxoZ
Masha,Haggerstone,mhaggerstone5k@pcworld.com,mhaggerstone5k,zB6&dpShui+)qDCKba
Phaidra,Trimby,ptrimby5l@forbes.com,ptrimby5l,eJ5#g<C/j`RS>u_}?>?eb5\V
Enrichetta,Vinas,evinas5m@ihg.com,evinas5m,lH5+4tnb!__k+/57#=($5GPG
Mollee,Nobbs,mnobbs5n@vk.com,mnobbs5n,jF6!\JrM)!yHk
Boniface,Van den Hof,bvandenhof5o@uol.com.br,bvandenhof5o,uA6%~I*+*=A`8uVx
Dela,Aprahamian,daprahamian5p@amazon.com,daprahamian5p,"hI1`x,d&Wq~XEnJQ?"""
Danice,Gorriessen,dgorriessen5q@discovery.com,dgorriessen5q,gE2!|~jP4|@sf<x1Bm#&yH
Madelle,Gilyatt,mgilyatt5r@de.vu,mgilyatt5r,gA2|5i`|xKj.F<S=J\
Juliet,Mottershead,jmottershead5s@geocities.jp,jmottershead5s,wX4.>M.Bh=d/!xWz#78
Gavin,Nason,gnason5t@washingtonpost.com,gnason5t,sY0<~#<Y6Eq|b0T/PyYfW?m
Lelah,Karlsen,lkarlsen5u@xrea.com,lkarlsen5u,"aN8+,7?N""dqVD{M8l9"
Leland,Javes,ljaves5v@scientificamerican.com,ljaves5v,"kS2""cq!yk>o6mu_t152(Vqp\"
Amy,Brecon,abrecon5w@cornell.edu,abrecon5w,"wK3}$/pebPBp,h|NgVFJ"
Karry,Lovelace,klovelace5x@desdev.cn,klovelace5x,eJ5`b3T{%ljH
Clyde,MacAdam,cmacadam5y@ftc.gov,cmacadam5y,"uP9!`05A""Y=F,}B!b7aP"
Philippine,Kmiec,pkmiec5z@army.mil,pkmiec5z,vA4&<?x#s0dq
Yetta,Flaubert,yflaubert60@tamu.edu,yflaubert60,mZ9_=WbTVakZ@f
Redd,Trevains,rtrevains61@de.vu,rtrevains61,nU7=}Vs+%>L4QM33XTM4biW
Odelia,Raybould,oraybould62@webmd.com,oraybould62,"iH2@Pv0Xm,'uw25>!*H"
Misha,Theakston,mtheakston63@parallels.com,mtheakston63,eG3%4bA$EA3+18o
Damiano,McInnes,dmcinnes64@a8.net,dmcinnes64,nV1}7+fAEpz6HM&7.
Homere,Cowpertwait,hcowpertwait65@chronoengine.com,hcowpertwait65,lN3!ciQSI?a0Rnnm<q
Giorgio,Vardon,gvardon66@eepurl.com,gvardon66,yD4|)tUS&UuSo$cjZ5jJ
Berne,Perree,bperree67@godaddy.com,bperree67,"kG4""&g/73qz34LCE"
Malinda,Calderhead,mcalderhead68@people.com.cn,mcalderhead68,rT4>+e+&GYdf'SmfA_ah3?)R
Gerrilee,Yeskin,gyeskin69@de.vu,gyeskin69,fH5<DOHtogYQ|KD+0Idf
Barb,O' Markey,bomarkey6a@eepurl.com,bomarkey6a,fZ2>ng2$ePsFuX+\X
Xymenes,Burkill,xburkill6b@livejournal.com,xburkill6b,fE2/9DW{5|BMJCmZtTsMf1&
Tine,Gration,tgration6c@bbc.co.uk,tgration6c,kL2&@qb+9BjWC#Aqm
Arin,Mc Faul,amcfaul6d@yandex.ru,amcfaul6d,bD5`WLBr~=2o5Y
Ferdinanda,Studeart,fstudeart6e@blogs.com,fstudeart6e,gB6~0A4RsaGN%)P5I~Sp
Minne,Whear,mwhear6f@ibm.com,mwhear6f,"tV8&8,yn>%QSg"
Gabi,Hayford,ghayford6g@ucla.edu,ghayford6g,iJ6~mK`k/lJK
Staci,Coarser,scoarser6h@ifeng.com,scoarser6h,fU3!HhS~%}A=sBfE#fvF_
Kamilah,Rawlinson,krawlinson6i@dyndns.org,krawlinson6i,hP9<Gb?8@D{ZUD)&2H~
Joseito,McKyrrelly,jmckyrrelly6j@pagesperso-orange.fr,jmckyrrelly6j,zW6$1.*qA3D5/_r_)
Adriaens,Campbell,acampbell6k@live.com,acampbell6k,"qS6,bjQ1PVRz_HaT"
Kayle,Labadini,klabadini6l@zdnet.com,klabadini6l,"sJ7#6e4Jqq1`D@l=""S"
Annabal,Gilmour,agilmour6m@slate.com,agilmour6m,mY6#$JhKAKF}&
Edie,Gagie,egagie6n@canalblog.com,egagie6n,vA3_XN7fx<>!`S<J_Dt
Ky,Rutledge,krutledge6o@hibu.com,krutledge6o,kW4@8hQu5$r>zR|t9Pzn
Alexandra,Odom,aodom6p@altervista.org,aodom6p,"qG3@yEv$!{PT}kFtVRe,wKG"
Ivonne,McIlroy,imcilroy6q@mashable.com,imcilroy6q,oC2@b8gJb9X`)>Iv(Kb7
Petr,Tadman,ptadman6r@unesco.org,ptadman6r,"kQ3\8.,KoD73H"
Blancha,Sowthcote,bsowthcote6s@oracle.com,bsowthcote6s,rE1`<6yPs5{|{A7
Tommi,Bullent,tbullent6t@wikipedia.org,tbullent6t,"bN8?Tyd#PZ#""0"
Abbot,Thomkins,athomkins6u@cpanel.net,athomkins6u,"oW5\|hd?X""Zm"
Nolie,Dockrey,ndockrey6v@ox.ac.uk,ndockrey6v,jF2>4j!IFr%R#j/|u<K`
Kelvin,Morshead,kmorshead6w@prlog.org,kmorshead6w,fY5<4lp'|sX}Zi~b%
Murielle,Frankom,mfrankom6x@elpais.com,mfrankom6x,"cE3(vQFB>O2QiS""whf<3("
Ilise,Wingeat,iwingeat6y@wiley.com,iwingeat6y,bL1>sf}<5i3K
Garwin,Stobie,gstobie6z@oracle.com,gstobie6z,"nK4|/d*G""NxU@'"
Ashley,Spleving,aspleving70@loc.gov,aspleving70,gJ6~m}.EO3AR
Rowan,Hector,rhector71@hatena.ne.jp,rhector71,"mH6)0,0vvsM&kQ"
Freddie,Mendonca,fmendonca72@unblog.fr,fmendonca72,qL2@O$fdN$Ba
Salomone,Swatman,sswatman73@cmu.edu,sswatman73,"kE3(9`f)q%Cet+B(>HU\z""gi"
Harv,Crewe,hcrewe74@devhub.com,hcrewe74,aD4!Z1HMDX<+Ka}Rjcpw?SBA
Jackelyn,Croker,jcroker75@netscape.com,jcroker75,aM9*iuOi0ZGMmAj
Buck,Canny,bcanny76@lycos.com,bcanny76,fT5?BwLl$W7NU8%omeNEo
Whitaker,McMeekin,wmcmeekin77@altervista.org,wmcmeekin77,oV1'co~cOH+)\f~zB
Maurizio,Works,mworks78@huffingtonpost.com,mworks78,"nH2&QwL5""oD4vW4Y>P*,iWwR"
Cory,Joicey,cjoicey79@walmart.com,cjoicey79,oR1$1`m`~SA!!
Granny,Calabry,gcalabry7a@ycombinator.com,gcalabry7a,"mF0%oz_!1#Ij3?gKB""<Zv$.x"
Esme,Mabbitt,emabbitt7b@macromedia.com,emabbitt7b,hL4=\oC_9wE`n*gw92_G#zWC
Estelle,Bernetti,ebernetti7c@csmonitor.com,ebernetti7c,vT2_{N5HPGwJW/5Xp
Feodor,Trunkfield,ftrunkfield7d@engadget.com,ftrunkfield7d,"pB6,n56\n~r<93"
Amanda,Longmate,alongmate7e@liveinternet.ru,alongmate7e,"lQ4}{R,/9@Gp*nfyBxkO"
Myrtle,Feasley,mfeasley7f@wordpress.org,mfeasley7f,mB9?<G\N3psX!So
Cherianne,Carnegie,ccarnegie7g@deviantart.com,ccarnegie7g,"jF6<Pg_Kd0Qb59!CtLFjQ+,"
Paulo,Moxson,pmoxson7h@spotify.com,pmoxson7h,iM6$6p9=FA9`DI$B(7
Kirstyn,McKeever,kmckeever7i@vkontakte.ru,kmckeever7i,"vA9"",E=`9QC7"
Izabel,Tobias,itobias7j@unc.edu,itobias7j,uA8%+mYvF0E$&{YOqp61=O
Niles,Desquesnes,ndesquesnes7k@topsy.com,ndesquesnes7k,bP9>mP)rp{{.Jy#lyS.Nr(
Chloette,Peattie,cpeattie7l@skyrock.com,cpeattie7l,"rD0""h9m,JT&MaTr"
Ryley,Hynam,rhynam7m@patch.com,rhynam7m,uJ7)3r8)o@'J`x`FI@r*c0ir
Martica,Brownsworth,mbrownsworth7n@wikimedia.org,mbrownsworth7n,"aM3/&""yveYO'U"
Hyman,Tregensoe,htregensoe7o@tumblr.com,htregensoe7o,yV5$1bUn'(nEp
Morgen,Antley,mantley7p@weather.com,mantley7p,"zC1&d`|,a{f""9~fnSk7N_'4O"
Nydia,Giacomazzo,ngiacomazzo7q@goodreads.com,ngiacomazzo7q,tR2#FZM?qgWAd
Emmi,Sherrett,esherrett7r@businessinsider.com,esherrett7r,"tW0?djlVK}kU"".e"
Janessa,MacConnel,jmacconnel7s@time.com,jmacconnel7s,uG6#K0}FjOIGk((d.y
Gabi,Kemsley,gkemsley7t@creativecommons.org,gkemsley7t,"mP4<w7ln+Ox""5'rQV%9O%bT"
Reggis,Byron,rbyron7u@washington.edu,rbyron7u,oY0=C=(qka!V}
Jeanna,Breem,jbreem7v@shop-pro.jp,jbreem7v,fI0/?vFjfGCKb_osjq#4ckJ
Christophe,Laugier,claugier7w@hatena.ne.jp,claugier7w,bC3*2DQS75SL2hVM
Karoly,Burt,kburt7x@livejournal.com,kburt7x,zX4\C_*fDsCZQ.XfX<I
Irwin,Miguel,imiguel7y@youku.com,imiguel7y,"kQ8""dMwqkKIlc>s/fK"
Jerry,Sullly,jsullly7z@telegraph.co.uk,jsullly7z,qR6<oR{DBuP)dE}OGzn&X$
Ron,Castanyer,rcastanyer80@paginegialle.it,rcastanyer80,mY4=uhZAz.nRME+(~Zp`nl
Alexandr,Hinze,ahinze81@creativecommons.org,ahinze81,"gI4=Lmy0E{2{p%,5"
Valina,Hanscome,vhanscome82@google.fr,vhanscome82,fP3+S@2$5s|$MPI)T45_5=
Gretna,Czapla,gczapla83@ycombinator.com,gczapla83,fR7*Pu$ud38xWHppM2OjA95
Franciskus,Bloy,fbloy84@vimeo.com,fbloy84,"eH2\f#Bi""|{\+|2+*tB"
Josh,Dutnall,jdutnall85@miitbeian.gov.cn,jdutnall85,"nE2_}iV(FE$SsH"""
Way,Alexsandrev,walexsandrev86@google.com,walexsandrev86,wA5!$ZN\BV*z6%0WJS0ez
Stevana,Waring,swaring87@google.nl,swaring87,"eH0$lqbunJkMk<lJlIn5JaB"""
Hervey,Druery,hdruery88@sciencedirect.com,hdruery88,nC8+Q%wM`mqy$Fu
Hilliard,Saffe,hsaffe89@1688.com,hsaffe89,"oN7""eAAC6LyXb/&',""8sG<WD"
Millisent,Ivanyutin,mivanyutin8a@dropbox.com,mivanyutin8a,"rV0$/mtXhX{Brs"""
Marchelle,Calderhead,mcalderhead8b@nhs.uk,mcalderhead8b,wM1<wgb#9|}iaaOne
Casar,Osler,cosler8c@washingtonpost.com,cosler8c,"mM4}R%/6+7,H<G,7o|r`"
Nonie,Poll,npoll8d@princeton.edu,npoll8d,cE0\wF$*LT$cYAjabmg}
Montgomery,Artindale,martindale8e@noaa.gov,martindale8e,vV5<A2+qxarC`R9A2KL
Albert,Kirmond,akirmond8f@weather.com,akirmond8f,rU1)7eBJwHAel<qb\h
Blinni,Bulter,bbulter8g@yandex.ru,bbulter8g,hM3&/d*B\=9D9n{\C*
Jordon,Paddeley,jpaddeley8h@blinklist.com,jpaddeley8h,"dL2"">~(ER{eO)"
Melantha,Eveleigh,meveleigh8i@cnbc.com,meveleigh8i,hG4&B={d|7MiE5
Shantee,Constantine,sconstantine8j@upenn.edu,sconstantine8j,"rG9_YQPLR(g4,T"
Ronica,Terrazzo,rterrazzo8k@google.es,rterrazzo8k,sS5+PYasvrq7wlZ\IFlA
Lorilee,Calwell,lcalwell8l@comcast.net,lcalwell8l,"wH8~j?=\7<""B@/=/jd"
Any,Geach,ageach8m@reddit.com,ageach8m,"eC3>Sq(`kyy,"
Hartwell,Havesides,hhavesides8n@wix.com,hhavesides8n,"aN0>S`W?9""Qxt"
Almire,Fairholme,afairholme8o@odnoklassniki.ru,afairholme8o,"pO8(,kriV_+{0<wDMS5uG<A"
Xena,Lessmare,xlessmare8p@ameblo.jp,xlessmare8p,oH5(sVP*3M>Lj
Agnola,Leaning,aleaning8q@eventbrite.com,aleaning8q,"jB6"")v6!o>?_`?O"">!Ksi"
Dominick,Bruntje,dbruntje8r@state.tx.us,dbruntje8r,xI5*hl}`2VCzeQHD
Archie,Beardsall,abeardsall8s@nyu.edu,abeardsall8s,oX6(v{Lvre5g&
Devan,Pleuman,dpleuman8t@weather.com,dpleuman8t,iU8\L?pcBZLQg)nJSJ
Sharona,Veelers,sveelers8u@quantcast.com,sveelers8u,pU9@gdWPTl3gojDJQXsj4
Shermy,Bau,sbau8v@samsung.com,sbau8v,"zA6*7,*twDHW0T}"
Georgeanna,Gruszczak,ggruszczak8w@state.tx.us,ggruszczak8w,zJ6<iRE8n|wuD
Teirtza,Kobu,tkobu8x@myspace.com,tkobu8x,"qM7\e'*gHCnlzuZg'G7rG1""y"
Sisely,Lister,slister8y@ucsd.edu,slister8y,tQ8?PNO{\=Pmrm%*FCig
Ianthe,Blakeston,iblakeston8z@unc.edu,iblakeston8z,"kK2|My3b1@m3Y|s"""
Olympia,Lorenzin,olorenzin90@noaa.gov,olorenzin90,fI7<etF7se4p#h{ii7
Larry,Dougliss,ldougliss91@amazon.co.jp,ldougliss91,"qG5!/""r5AdBdN?34bW"
Carolann,Gleeson,cgleeson92@ebay.co.uk,cgleeson92,uS0.4y$K&Qs='Fo
Shelden,Groveham,sgroveham93@ovh.net,sgroveham93,iE3\NCMz_kEd30QNIn/m
Maire,Bastone,mbastone94@admin.ch,mbastone94,tH7!E%d*lWwvh6~<Y
Laurence,Bartel,lbartel95@stumbleupon.com,lbartel95,dB1'y.(M>X\{j0F0Ht?
Donal,Tottman,dtottman96@craigslist.org,dtottman96,aN9(#IYd+@R$
Eduard,Holbury,eholbury97@china.com.cn,eholbury97,"kQ6*H4v1HkYr9GF/=.k"""
Kanya,Routh,krouth98@imageshack.us,krouth98,pY4<aHVweG5A`?=
Maressa,Sunter,msunter99@xing.com,msunter99,"bZ4""}>~e/{gkVnB.x/%zS\"
Tadd,Pirrie,tpirrie9a@sfgate.com,tpirrie9a,xU3|&?$$_qLR0I*I|\SuNc
Mechelle,Spratling,mspratling9b@goodreads.com,mspratling9b,wM5)bBS)=vmZ6n%CrOwx!(
Fanya,Gouth,fgouth9c@nyu.edu,fgouth9c,dL8&`eCJ_yyUu5
Revkah,Di Biasi,rdibiasi9d@pcworld.com,rdibiasi9d,"gG0#nNGyM~%oH!Y'>,#Eq$|"
Luisa,Dillon,ldillon9e@indiegogo.com,ldillon9e,"yT3#+ceIm=D+/rT)~""0"
Daveta,Duprey,dduprey9f@npr.org,dduprey9f,"tB4?""?UkOVZ{EU0w0}SR3"
Holmes,Creane,hcreane9g@mail.ru,hcreane9g,dV5)gE'{o=2.DO1|sQwM|Epl
Rodi,Casone,rcasone9h@ox.ac.uk,rcasone9h,nM0\Pt9K3u#SaGPUk
Barbaraanne,Barensky,bbarensky9i@geocities.jp,bbarensky9i,bD0.YyD.lKUEq~w%dHI
Chelsae,Valenti,cvalenti9j@epa.gov,cvalenti9j,"eM1&{NHTrfUlhgRF""v@%CW"
Wat,Duckitt,wduckitt9k@linkedin.com,wduckitt9k,rS9+elHU#+pcV#
Bambi,Cubberley,bcubberley9l@slashdot.org,bcubberley9l,"hU6=*NbG\a?@KAg"""
Estella,Di Ruggero,ediruggero9m@bbb.org,ediruggero9m,"bD9""!nKw#picm"
Alice,Barbier,abarbier9n@google.fr,abarbier9n,zL0?(JYw#0U6
Christiano,Dable,cdable9o@amazon.co.uk,cdable9o,pW1=o'Oq./jEm~f>.\A@Ju(
Kary,Gotcliff,kgotcliff9p@angelfire.com,kgotcliff9p,yW3.BlvsQO*l1do|Hr{sSm/3
Drusy,Harriman,dharriman9q@dmoz.org,dharriman9q,dO7@#C=2VN{TpLV<f5>
Dulci,Biggam,dbiggam9r@cdc.gov,dbiggam9r,yI8@Z{{uK'63dD=F
Donnamarie,Trueman,dtrueman9s@taobao.com,dtrueman9s,uA0\L07EIQ&6(k
Willi,Rospars,wrospars9t@360.cn,wrospars9t,"cE4{H!}`EgRFZs,%)Q1T?DD"
Farra,Dilleway,fdilleway9u@drupal.org,fdilleway9u,kO2`zu{y+\n2o$Y~0d54_
Tiffy,Antoszczyk,tantoszczyk9v@wordpress.org,tantoszczyk9v,yI2~R`i<Pc2&=1~r'c'RoPkp
Uri,Dallimore,udallimore9w@springer.com,udallimore9w,vK5.=v*W`1v=bF
Clywd,Rabson,crabson9x@exblog.jp,crabson9x,lQ0@Ie>Vqc4z6~B5<
Heda,Aspenlon,haspenlon9y@shop-pro.jp,haspenlon9y,nI6~doZ@4m4r+3lxwh$
Gregoire,Marjoram,gmarjoram9z@tripadvisor.com,gmarjoram9z,"qO6`c(.6@f)hskhERq,"
Mamie,Biermatowicz,mbiermatowicza0@altervista.org,mbiermatowicza0,"uK5<8vAgE3}\LO6Od>K\""\V@"
Kevin,Dubois,kduboisa1@twitpic.com,kduboisa1,oG5!bJC(C1=u)GR|z+@
Pauletta,Coltherd,pcoltherda2@ycombinator.com,pcoltherda2,uS4)~_VnC}$WD?b<Z&zqqKv=
Bruno,Sandon,bsandona3@ow.ly,bsandona3,kW2.|M=?{'b''c%Hd(5tph@B
Josephina,Rasmus,jrasmusa4@nih.gov,jrasmusa4,"xZ3`P!4\r/,|C>i_)"
Marlowe,Rosevear,mroseveara5@myspace.com,mroseveara5,zY1_1(l$HI`JP
Vina,Sedgman,vsedgmana6@sun.com,vsedgmana6,"wL1@.`oT%!,!p4i.nNYo@"
Baron,Grimsdith,bgrimsditha7@huffingtonpost.com,bgrimsditha7,zT4|`rAi.00/r'!
Amalea,Dreye,adreyea8@uol.com.br,adreyea8,fY3*?#f)xjG27Xkygs}
Cory,Pracy,cpracya9@so-net.ne.jp,cpracya9,mY4/*L6}{9$>ulJ5YrUT
Gennifer,MacSkeaghan,gmacskeaghanaa@accuweather.com,gmacskeaghanaa,cI3/t+jvMnLnB7L4U
Rafferty,Remer,rremerab@wikia.com,rremerab,bF9?lj~bxH0h!
Stella,Hanham,shanhamac@clickbank.net,shanhamac,tJ5)|fb~jJ/pFc.3GB53K*+
Mattias,Jantel,mjantelad@si.edu,mjantelad,gC4>5*J@XZ_ufZ9
Crystal,McGraffin,cmcgraffinae@vistaprint.com,cmcgraffinae,cX2!+)Z8<V!Po+pM@a>
Judith,McQuarrie,jmcquarrieaf@blog.com,jmcquarrieaf,bY8.0~p'?F~2t{)%=T6!
Wilhelmina,Pashenkov,wpashenkovag@mayoclinic.com,wpashenkovag,"nD5>~.""nnk\x"
Woody,Rennels,wrennelsah@spotify.com,wrennelsah,dN5?<mAzaM>4}\!V~
Glad,Gamlin,ggamlinai@telegraph.co.uk,ggamlinai,"iB7""lFFjPFoBx"
Arin,Meaddowcroft,ameaddowcroftaj@phoca.cz,ameaddowcroftaj,"dJ4=H7mt)<u}j,&klaU//"
Robbie,Jime,rjimeak@w3.org,rjimeak,aR6}gVpp|r9f@~79
Karena,Burdett,kburdettal@slate.com,kburdettal,qP8_wD\O4WcW&c<%TC{
Jamima,Johanssen,jjohanssenam@diigo.com,jjohanssenam,"sT9>)11""oj=}I"
Gilbert,Reinhard,greinhardan@cdc.gov,greinhardan,pD6``P!Hbfue!R*
Chip,Steel,csteelao@webeden.co.uk,csteelao,"qS6(yC""2aehJRUc(~C"
Florentia,Jaslem,fjaslemap@reference.com,fjaslemap,"tJ4>w/nw""vUI#ctpBO1/#Q@x"
Emilio,Dybald,edybaldaq@simplemachines.org,edybaldaq,"nK3'""fLPDJFWj6t"
Roddie,Bronot,rbronotar@barnesandnoble.com,rbronotar,rQ2\}\}=Vg0tFP6WkC*
Ancell,Diche,adicheas@time.com,adicheas,xY3%MFtqc~S5vl1yilYNO6
Ruby,Laybourn,rlaybournat@webs.com,rlaybournat,mK4$gwk(yY(>d6<qGxO
Odelle,Ruegg,orueggau@smh.com.au,orueggau,gM0)7pn}~c7JKFa%GAp+
Etan,Tegler,eteglerav@google.ru,eteglerav,xP3!ynQHp\m6
Rosene,Coopey,rcoopeyaw@java.com,rcoopeyaw,"mG7,AS/heM!4AjH)l"""
Charla,Heaphy,cheaphyax@twitpic.com,cheaphyax,gF6#lchQ{eE32
Janie,Lamplough,jlamploughay@plala.or.jp,jlamploughay,zY0(mJ?J5VW8|+wL
Barbie,Curwen,bcurwenaz@irs.gov,bcurwenaz,"qP4~""0#ph9Pc&"
Maribel,Rorke,mrorkeb0@wikispaces.com,mrorkeb0,oX8&V|6rZgl}J&sKWXVZ|p
Collie,Brameld,cbrameldb1@naver.com,cbrameldb1,bV7.sCxhsIG24MT{7nPE/Q9r
Lira,Ducker,lduckerb2@cbsnews.com,lduckerb2,"mA0~6%wz,htPt282xC""D"
Lee,Kenrack,lkenrackb3@cam.ac.uk,lkenrackb3,"mH4){rUD=w&""WF>"
Birk,Giaomozzo,bgiaomozzob4@boston.com,bgiaomozzob4,"qS3,swh`SS&zUC1"
Dur,Antonomoli,dantonomolib5@ovh.net,dantonomolib5,aL0{8Wn<CgY0$mq
Creighton,Backshall,cbackshallb6@cocolog-nifty.com,cbackshallb6,sP6{5!no\ucph%Kz@u
Lissy,Shields,lshieldsb7@senate.gov,lshieldsb7,oK5~!8HtBSAZlIzY>`<N>6f
Rod,Guillotin,rguillotinb8@loc.gov,rguillotinb8,"pA8?E=5UeyZs&0Nt,}f\iNmt"
Lucias,Lamerton,llamertonb9@si.edu,llamertonb9,"yM5,cWI0>Q+em+Q~"
Vita,Rosenkranc,vrosenkrancba@shareasale.com,vrosenkrancba,wF8#eF|SNxn$v
Andreana,Skewis,askewisbb@woothemes.com,askewisbb,"tW9@J3J""2r?JeH01"
Bary,Toe,btoebc@princeton.edu,btoebc,kL2~8IxASeds7%XP3Jq2o
Delaney,Wash,dwashbd@domainmarket.com,dwashbd,rE5%kA?T&yQGqN5BC}
Nelle,Cory,ncorybe@twitpic.com,ncorybe,tF2%<1+OPDZv}l/T296
Thadeus,Burvill,tburvillbf@hugedomains.com,tburvillbf,rN2)|/eDB3zCWKAVr
Lusa,Conti,lcontibg@shinystat.com,lcontibg,eA4/2}@xOZje?y{L
Idalia,Bakewell,ibakewellbh@facebook.com,ibakewellbh,"mF1`RiQjxAJKIRML$>_4""|"
Madel,Woodcroft,mwoodcroftbi@aboutads.info,mwoodcroftbi,aU9}V1I&yA66XB}+Tuf0
Ferdinand,Jaskowicz,fjaskowiczbj@flavors.me,fjaskowiczbj,"vX4,x8r*ivJm(??8"
Blaine,Christescu,bchristescubk@ucsd.edu,bchristescubk,"gA6.r#/Eoi,YD)v4kUA/*}_."
Deb,Buxey,dbuxeybl@reuters.com,dbuxeybl,"nL2{=|2W30Mf""Q58<>1"
Samaria,Mintram,smintrambm@elpais.com,smintrambm,tY1{ugT%{+sW&$
Bonny,Swyndley,bswyndleybn@google.nl,bswyndleybn,"hI0?\P*R6sJa`uZ&,U"
Sherye,Medlar,smedlarbo@topsy.com,smedlarbo,vN9`(UM8KNpSMVn\h$
Bobinette,Blankett,bblankettbp@ftc.gov,bblankettbp,jI1)G(TT\kmGEa&EjWZ*
Olivia,Guarnier,oguarnierbq@craigslist.org,oguarnierbq,"zE9}q,v(I)k<MGKl6i"
Sherman,Winsborrow,swinsborrowbr@arizona.edu,swinsborrowbr,xQ7?Z/TE_Q=iA6xv?u2
Rori,Start,rstartbs@alibaba.com,rstartbs,vM8!iYnd+z~p@q4=e8e>
Carolina,Do Rosario,cdorosariobt@dedecms.com,cdorosariobt,jY3\(amPQobAmOg'ihei~y/
Thornie,Dani,tdanibu@slashdot.org,tdanibu,aB7(6@$i45L#0ev
Malanie,McSporon,mmcsporonbv@netlog.com,mmcsporonbv,vJ6/Yy0T%_$?L{x1F}~Z
Tomaso,Jaouen,tjaouenbw@upenn.edu,tjaouenbw,"sD7{)2V2jfY,}*2"
Scott,McWhinnie,smcwhinniebx@surveymonkey.com,smcwhinniebx,tF8}Z_35b!jj5'Zwx?N_>.
Cornie,Goodall,cgoodallby@cisco.com,cgoodallby,zP4$)vu{OOf@uv
Leslie,Bunn,lbunnbz@homestead.com,lbunnbz,qN4+F`7A3g?!c86epwc&X
Fredia,Tutt,ftuttc0@csmonitor.com,ftuttc0,aY3\xOJ.mAC31
Thaddeus,Malinson,tmalinsonc1@multiply.com,tmalinsonc1,"zH6?Qpgq\Y,Rqp8N?R3"
Dorris,Dumbellow,ddumbellowc2@people.com.cn,ddumbellowc2,wD9>6O95!Eu`j@W~hU
Tanney,Vosse,tvossec3@hc360.com,tvossec3,qN5>EjYcgJ/U=
Zuzana,Halgarth,zhalgarthc4@hexun.com,zhalgarthc4,"qB5?PPB`08>W{LIS*4D""yO+T"
Blanca,Stagge,bstaggec5@harvard.edu,bstaggec5,oA3>(?it'VRAODD8c%Y0*
Wallie,Swigger,wswiggerc6@bizjournals.com,wswiggerc6,gP5&N!lH#Uq/K(\hKaY.P2
Ines,Ewells,iewellsc7@wikispaces.com,iewellsc7,zG2_Djn8#U$cx.c/PIw5
Buddie,Thomasson,bthomassonc8@bbb.org,bthomassonc8,"jC9`z""y0eT}dLF!|I""fTu"
Avictor,Major,amajorc9@microsoft.com,amajorc9,"cP0(nj`|DI""I,U`WCXX"
Elisha,Seak,eseakca@harvard.edu,eseakca,kY8'o<cM6E+BStmBYnxk
Ingamar,Fleet,ifleetcb@biblegateway.com,ifleetcb,"zN3<,6r|S<DS0Un+"
Lynde,Mougenel,lmougenelcc@virginia.edu,lmougenelcc,xM0+P#/>8(rOckt
Gwenette,Goddert.sf,ggoddertsfcd@buzzfeed.com,ggoddertsfcd,uL9&P`u<p's#P'PB=N4nE
Karna,Voase,kvoasece@marketwatch.com,kvoasece,"sX4""@VOSR_rNd|UB""@l"
Cammy,Laker,clakercf@ucoz.ru,clakercf,jO5=2F_F{F00oSen1(gGrzNK
Ernie,Allcoat,eallcoatcg@creativecommons.org,eallcoatcg,wZ3_~)zLqSW5ayod.gh?}
Brody,Dillingham,bdillinghamch@mac.com,bdillinghamch,fA9&N~HKyT&%KG
Hermon,Vogeler,hvogelerci@archive.org,hvogelerci,pU6+aE4jk.ngd.%7Fx9RJR{
Halimeda,Robard,hrobardcj@nationalgeographic.com,hrobardcj,wJ9>salc!slvt>fNm7lP3
Sigfried,Whitehair,swhitehairck@xinhuanet.com,swhitehairck,kB8#BDQdeKC)q%
Brett,Exon,bexoncl@live.com,bexoncl,bP1+|crnJ/TkzhfM
Gilbertine,Tommen,gtommencm@imgur.com,gtommencm,"pZ4|ndH_,flz,}s{9K7x(c*"
Barnabas,Ducarne,bducarnecn@sbwire.com,bducarnecn,kQ1>gT{7TViE
Carly,Wahncke,cwahnckeco@godaddy.com,cwahnckeco,"hC5(&AHDr""IMm,!KMW5100"
Thayne,Darwin,tdarwincp@accuweather.com,tdarwincp,iP9$hNsqu*I6}O=z>ecS
Merrick,Wiz,mwizcq@elpais.com,mwizcq,zA8`j3&yH?jTlRyjQ
Ikey,Satteford,isattefordcr@bandcamp.com,isattefordcr,sP4!&1gsEj`@$QJoSzMRR
Tabbitha,Kleinfeld,tkleinfeldcs@weebly.com,tkleinfeldcs,"mE3~~?tZz/%wXF%K0Hg`"""
Elmer,Airdrie,eairdriect@forbes.com,eairdriect,mJ3(#NF1_{9rA&Q_u
Nester,Eaken,neakencu@walmart.com,neakencu,cS0#dB_'>N@U
Angelica,Hillaby,ahillabycv@guardian.co.uk,ahillabycv,sK2%o1?UM`~6e+?
Gawain,Perring,gperringcw@bandcamp.com,gperringcw,lC8}(XpyZeEZfF
Magdalene,MacVanamy,mmacvanamycx@illinois.edu,mmacvanamycx,aO8~=$7icI+wknhY
Jsandye,Fitkin,jfitkincy@phpbb.com,jfitkincy,hR7#ct74#aokRpoE.>qJUS
Arie,Oxtiby,aoxtibycz@uiuc.edu,aoxtibycz,cY6{&N`zwB!239R\I~Wx9
Briny,Luther,blutherd0@goo.ne.jp,blutherd0,vI3}Kjr_$h`S@
Lindon,Moakler,lmoaklerd1@nsw.gov.au,lmoaklerd1,oH6'L!T7..uU@u>x
Atlante,Barron,abarrond2@nydailynews.com,abarrond2,vA0+!2SUi3'5#FVQy
Vale,Daymond,vdaymondd3@time.com,vdaymondd3,jT7|Z=`&BK4ceS~e3(6
Fredrika,Jarley,fjarleyd4@omniture.com,fjarleyd4,zY5{P$h}#rMqw$fO
Randell,Hubatsch,rhubatschd5@fastcompany.com,rhubatschd5,fC0!*\/9PT|/9
Bartholemy,MacTrustam,bmactrustamd6@unicef.org,bmactrustamd6,"cI1'cAu""SmGc0\J}"
Abe,Prestner,aprestnerd7@shareasale.com,aprestnerd7,mW9>{e}kG'{rM)
Peg,Edgeley,pedgeleyd8@studiopress.com,pedgeleyd8,xH5\?F}373\)Vz
Addie,McIlwaine,amcilwained9@wsj.com,amcilwained9,zU5(5JHeL&oHzgSf2%1U
Terrence,Brokenshaw,tbrokenshawda@behance.net,tbrokenshawda,qP0$'HpP!wC\KJ=99
Ninnetta,Wallbutton,nwallbuttondb@sfgate.com,nwallbuttondb,yE2'*25<3h'?gjK?bB
Stefanie,Lightbourn,slightbourndc@techcrunch.com,slightbourndc,uB4>nbE1)wCI
Madlen,Mattiuzzi,mmattiuzzidd@nsw.gov.au,mmattiuzzidd,"kY0`.\c~3#""+%r2a6m(\.au"
Quinn,Lytle,qlytlede@mashable.com,qlytlede,nR8\=meuP@b.s7zQ?f`VsvL
Moselle,Rogister,mrogisterdf@nytimes.com,mrogisterdf,uI8\oizjImJ30JgI_Vk?O.sW
Cassey,Bowne,cbownedg@cargocollective.com,cbownedg,"cD3<~>,Ur7`b3EhgK9S"
Myrtice,Camilleri,mcamilleridh@com.com,mcamilleridh,"eU9""(y5HT~y'tV"
Nichol,Nobbs,nnobbsdi@tmall.com,nnobbsdi,qD1<lmFGkKWQ5xdu*%lyH
Darci,Grumley,dgrumleydj@pinterest.com,dgrumleydj,uL1)|I'bqlFv$p
Jorie,Splevings,jsplevingsdk@liveinternet.ru,jsplevingsdk,mT3@Y7xQ&#$Tbn=.o})N
Lancelot,Jerg,ljergdl@blogger.com,ljergdl,"vW5=e\mq),s=tt(d"
Ansel,Fedorchenko,afedorchenkodm@ucla.edu,afedorchenkodm,"vN6\4N`""?YT\wR}`Tb="
Rose,Petrov,rpetrovdn@php.net,rpetrovdn,sP1>f5%g5guXJOh4
Merrel,Overpool,moverpooldo@fastcompany.com,moverpooldo,yL1~Kbx|`BzO4gI
Natalina,Clutterbuck,nclutterbuckdp@nsw.gov.au,nclutterbuckdp,cS4)uKP}#B!nU~`+L0P
Eleen,Cunio,ecuniodq@privacy.gov.au,ecuniodq,"yK6)Y83GDH'qt""lTS6"
Goldie,Lukas,glukasdr@ucla.edu,glukasdr,qX2%1G5&3)XL+tfKv<)/D
Pet,Fairfoul,pfairfoulds@gizmodo.com,pfairfoulds,"hL9@,CR#qLE=l"""
Rubina,McCard,rmccarddt@technorati.com,rmccarddt,oD1|Y{QvMD.gk@.foqO~5+7@
Renault,Slyvester,rslyvesterdu@symantec.com,rslyvesterdu,yL4<jGTd|Mtr2
Abigail,Merrifield,amerrifielddv@uol.com.br,amerrifielddv,"qH5&ic2t%""/Hn6oL"
Izak,Fryer,ifryerdw@huffingtonpost.com,ifryerdw,cU7@n=9gt}M3L(T?Kb>@yTdM
Katherine,Swatheridge,kswatheridgedx@ucoz.ru,kswatheridgedx,xK5)T8A_9s?1hgmKPT
Harris,Budgeon,hbudgeondy@theglobeandmail.com,hbudgeondy,pK0)g2NOsfEkQ}3xr3&W
Konstance,Shimon,kshimondz@163.com,kshimondz,nC3{Fd{0cp'ii)\8
Georas,Went,gwente0@domainmarket.com,gwente0,"iP4.r?'Q\V7XXVl|AZ""~8U$)"
Pammie,Paddy,ppaddye1@clickbank.net,ppaddye1,"tM2_&Ss,4FaS68&OyJ$}"
Willi,Hallatt,whallatte2@hubpages.com,whallatte2,nH6(@N.=Kr+LN|EMNV
Florry,Shotboulte,fshotboultee3@bigcartel.com,fshotboultee3,"eQ3*nsCy7naZ$,6snK%q"
Ivett,Ambroisin,iambroisine4@oracle.com,iambroisine4,nM6#t{a5k*b9'oT0
Nanci,Dailey,ndaileye5@cafepress.com,ndaileye5,vY2`ank&otsTmY
Adriane,Blakeway,ablakewaye6@lycos.com,ablakewaye6,wU0(t#WX4lp.b/vvdT1(
Eduardo,Banghe,ebanghee7@com.com,ebanghee7,"lO9\0w'j3wOU,Lu}6%"
Ivor,Goodbody,igoodbodye8@home.pl,igoodbodye8,"qX0/e~R3Q&q7OuZT3*ii${"""
Mignonne,Mariet,mmariete9@4shared.com,mmariete9,aK8/+JRF)vR}+m+Z_sSOl}
Micheal,Tersay,mtersayea@xrea.com,mtersayea,"vM4'V|r<p'/a',Ti~("
Krishnah,Arnett,karnetteb@yelp.com,karnetteb,lT9`&o?kNH~8?M82mr
Tamarah,Dearth,tdearthec@wordpress.com,tdearthec,uO2<r?q3vuG`88N4cPciL
Alana,Tatlock,atatlocked@fc2.com,atatlocked,"uK5,<6"",{dqL"
Barbabas,Richfield,brichfieldee@4shared.com,brichfieldee,"mD0""jeV*%wbYXDd%yE=ISW"
Kurtis,Tellenbroker,ktellenbrokeref@vimeo.com,ktellenbrokeref,"rJ0,.%r6M%bR"
Blythe,Wessell,bwesselleg@usnews.com,bwesselleg,"wW7)n*Z=Zsn|dv""MKz?)"
Carmel,Karpeev,ckarpeeveh@businesswire.com,ckarpeeveh,"dG2""""{l&t#rc111W$\M|8"
Calli,Barmadier,cbarmadierei@disqus.com,cbarmadierei,cB2.BywF<Z!6*jc%)l2N
Solomon,Wones,swonesej@irs.gov,swonesej,"yD6#a,0<Xmz$"
Atalanta,Gowanlock,agowanlockek@squidoo.com,agowanlockek,cF0\RO#QL._?gkwq
Gusty,Hedworth,ghedworthel@phpbb.com,ghedworthel,kS0$L2@xC{9}j
Christy,Stiddard,cstiddardem@bbc.co.uk,cstiddardem,wO5).}}bPBv{CrH~?+VZyC
Free,Clarkson,fclarksonen@github.com,fclarksonen,"xB9""*Fsj}(Cg+Q`,9ry7"
Heidi,Carlone,hcarloneeo@ox.ac.uk,hcarloneeo,iC7>FARvBXR/CDKg_RcK
Gerti,Hamby,ghambyep@prnewswire.com,ghambyep,"qN3""%zf~$.fNoPmOqzlau#Ut"
Drake,Gavriel,dgavrieleq@issuu.com,dgavrieleq,xU8<p3l>VJW5G@v%ZrQ
Franklin,Medgewick,fmedgewicker@cam.ac.uk,fmedgewicker,wC8`Sur/D9qTkEzy`To!}Hoz
Ina,Jewsbury,ijewsburyes@bloomberg.com,ijewsburyes,kT0+>4.D=z>cp_>4SB
Bartholemy,McCrory,bmccroryet@discuz.net,bmccroryet,xY1|U+1EKo\JTA*nIGfX*
Siffre,Nairns,snairnseu@mapquest.com,snairnseu,"yF4(,H~tg/x&m3#Lw%Z"
Vidovic,Corgenvin,vcorgenvinev@nba.com,vcorgenvinev,"pN6{8ivKHq\@U4_/awR""zTfd"
Willie,Syncke,wsynckeew@hud.gov,wsynckeew,uL8`Hzhfi0kF#SCdA4yBc
Maible,Denson,mdensonex@bbb.org,mdensonex,mW6@NH+NKuKh{ON}lQkUy=(s
Beverley,Schnieder,bschniederey@kickstarter.com,bschniederey,nL5$kp@K}2!ZE6L
Paddie,Risely,priselyez@skype.com,priselyez,zB9@W0<vLb5CzkRJjI
Ellen,McKnockiter,emcknockiterf0@sphinn.com,emcknockiterf0,"rY3""\aT.=V+NJo=N5&/"
Mordy,Wehden,mwehdenf1@sphinn.com,mwehdenf1,hR8*/@Pz!nno=}MCr
Flori,Akrigg,fakriggf2@tripadvisor.com,fakriggf2,"wD1(?#6c*D<N""Ntw"
Ailis,Minshull,aminshullf3@cocolog-nifty.com,aminshullf3,vG7)&`+qZu>L
Benita,Chesser,bchesserf4@howstuffworks.com,bchesserf4,"zU8_cLo""&~xQ*c}uuC3"
Mar,Bichard,mbichardf5@fc2.com,mbichardf5,"aT4,7&L`040Avn6"
Corena,Snowding,csnowdingf6@deliciousdays.com,csnowdingf6,dL3|L&x~dpcR9IZyZ
Patten,Forber,pforberf7@howstuffworks.com,pforberf7,"vE6)9d4CX}a.YL)E<HM%,"
Bryn,Close,bclosef8@smh.com.au,bclosef8,"sN5$o\""7ch$%$EX)FvB1,u"
Bernhard,Doggerell,bdoggerellf9@house.gov,bdoggerellf9,pQ9}DY9PRhc(3R@)O~Yg/d(Y
Bob,Jackett,bjackettfa@pcworld.com,bjackettfa,mX1_}7O'C<b10G_
Evangelin,Blinder,eblinderfb@patch.com,eblinderfb,mY6?t\@o@lPYBJJ2p_N
Mic,Laurance,mlaurancefc@google.co.uk,mlaurancefc,"jN2@p?N,/B&n|Ux""e&""~J"
Katya,Dowbakin,kdowbakinfd@nifty.com,kdowbakinfd,rB7~CI){u#<{
Nerissa,Dittson,ndittsonfe@yandex.ru,ndittsonfe,iK4/wz#npGIpDH
Nate,Hartley,nhartleyff@kickstarter.com,nhartleyff,sB9}A}4M6zGuOf<LMq(pZ
Agathe,Deluze,adeluzefg@dropbox.com,adeluzefg,kJ5?n77WqaP{fkf_
Teresita,Pinshon,tpinshonfh@friendfeed.com,tpinshonfh,fX9?\fB+Mj93
Reinold,Hillyatt,rhillyattfi@live.com,rhillyattfi,fV9$%o\*Itowf$T9~d
Myrah,Pitherick,mpitherickfj@nifty.com,mpitherickfj,uL8>o!PjOIu@WO8cInkH
Helenka,Rieme,hriemefk@state.gov,hriemefk,"rZ4%oG,=f.iK!"
Davina,Drayton,ddraytonfl@cbc.ca,ddraytonfl,vD8$O>3B+J352+Th4HRd85Tm
Ketty,Langdale,klangdalefm@domainmarket.com,klangdalefm,xN8!23su}/IY37{Mt+*t
Sergent,Frisel,sfriselfn@nbcnews.com,sfriselfn,gI8|vTOp(#Ww
Early,Mathely,emathelyfo@salon.com,emathelyfo,"gZ5,<9Q?}0(Yk"
Maribel,Crandon,mcrandonfp@macromedia.com,mcrandonfp,"hC0,pZ!Br'*_}Qbt#F"
Wyatan,Roma,wromafq@ft.com,wromafq,bG9@h7Cb4y.o.iWLolV'x
Mahala,Shoard,mshoardfr@cbslocal.com,mshoardfr,uU5=i>!CA'i1E*a@0i
Emmalynne,Folini,efolinifs@newsvine.com,efolinifs,xG6@lf~7bQ$_u)i'z`+*hL9!
Mort,Stanlick,mstanlickft@patch.com,mstanlickft,wQ3=xi(b#A4F2
Mattheus,McGahern,mmcgahernfu@drupal.org,mmcgahernfu,hM0@b+VqLNhAr
Danni,Oddboy,doddboyfv@globo.com,doddboyfv,tK8{49>>1aWC
Daloris,Pinches,dpinchesfw@ifeng.com,dpinchesfw,jK2*?yc*'x`Ys8~F
Roscoe,Katte,rkattefx@unicef.org,rkattefx,"mY3@<#&W7,Kut@Do"
Franklin,Alldread,falldreadfy@ihg.com,falldreadfy,"sF3%g$Ofd~o""Ds{.SE5J"
Fay,Caller,fcallerfz@csmonitor.com,fcallerfz,"kE0""LD(M6fgA{P"
Baryram,McBrier,bmcbrierg0@usatoday.com,bmcbrierg0,rF1~f<lXfft\$w{!lvL
Craig,Flint,cflintg1@phoca.cz,cflintg1,sB9`1fXm0hP<'KLgtNF\kcR
Jeff,Girardetti,jgirardettig2@wikia.com,jgirardettig2,nC7%BbkI=zfF>>
Shina,Lobell,slobellg3@usda.gov,slobellg3,"xS9%Z<~ko,gD6t>=Vtb"
Diana,Tattersall,dtattersallg4@census.gov,dtattersallg4,zX1/du4k>9HG
Guthry,Peacher,gpeacherg5@live.com,gpeacherg5,pV5}uX'QgQ+&8q<(XJ(&LQN
Shannan,Happs,shappsg6@seattletimes.com,shappsg6,"fS1|5Uf|>PKVs|W""~E"
Glynis,Blackly,gblacklyg7@themeforest.net,gblacklyg7,"cW1{>,{SalTU9`@AVDkaG"
Linell,Wann,lwanng8@pcworld.com,lwanng8,gE6?sA\}FRfT
Nellie,MacWhan,nmacwhang9@dagondesign.com,nmacwhang9,zV3_Emp!PFOY51pFH
Luciano,Barefoot,lbarefootga@ftc.gov,lbarefootga,jI0@z+5vL4mSm\Gs\G}
Lynelle,Crennell,lcrennellgb@noaa.gov,lcrennellgb,wG3.9D6e28}D+
Aube,Da Costa,adacostagc@china.com.cn,adacostagc,hW0)Y|lfV6B4{Nsx<
Eolanda,O'Shiel,eoshielgd@marketwatch.com,eoshielgd,wX3+HYdZe'F(/NKf1&g'
Oates,Haddow,ohaddowge@google.com,ohaddowge,"jE0'Ypl7lTC3K""%xi,f8PNf"
Baudoin,Backsal,bbacksalgf@businessinsider.com,bbacksalgf,"yZ8.fNht""8/\v3ba.'V&}l"
Lena,Pendre,lpendregg@wordpress.com,lpendregg,cK3@L>4N.QgEY8ea
Justina,Deathridge,jdeathridgegh@opensource.org,jdeathridgegh,dU2#w5zs8QTJzAAkRJj+
Paule,Macek,pmacekgi@over-blog.com,pmacekgi,"nK7.,&hy4z/aYC0AoutTzY0"
Budd,Hardware,bhardwaregj@amazon.com,bhardwaregj,tN6}{5&H!E+Xb!8!sP~
Elaina,Whitsey,ewhitseygk@surveymonkey.com,ewhitseygk,"fA3,\_W39S(VAv5"
Tiena,Hundall,thundallgl@goodreads.com,thundallgl,fX9?Jo.0J}v0?_VYcyV\?W$
Grover,Marxsen,gmarxsengm@freewebs.com,gmarxsengm,kD5}X{`XjkfG`C=t!}bm_1
Karel,Pendered,kpenderedgn@cbc.ca,kpenderedgn,"yC2+,""l_*my""r=}|Td5h"
Gunar,Danielkiewicz,gdanielkiewiczgo@nhs.uk,gdanielkiewiczgo,uT6_4XzBMCuYaZ
Katha,Stewartson,kstewartsongp@bandcamp.com,kstewartsongp,jS7+{=?95ITA/YOPK_
Fiann,Senecaut,fsenecautgq@google.com.br,fsenecautgq,zQ7\Fsks{UB8i(v
Germayne,Angier,gangiergr@irs.gov,gangiergr,fA0|/UO4OWkiCXjl%R!<HrGv
Reggi,Skerme,rskermegs@i2i.jp,rskermegs,"tW9{#,s(sTR0xG\1HZ6Gn""X"
Gillie,Corkett,gcorkettgt@pen.io,gcorkettgt,dK2/9tP2Qx@oS)Cpa
Sheela,Maghull,smaghullgu@mail.ru,smaghullgu,qM3#Og9'gWC?N=
Ardenia,Pashe,apashegv@icio.us,apashegv,"eZ8$z!Z9%c,O{Rt."
Manfred,Colbrun,mcolbrungw@mayoclinic.com,mcolbrungw,qW6$u(+WtOMp51lw*m
Sophi,Rozalski,srozalskigx@unicef.org,srozalskigx,iC9+UI/)6|REXtVnWVD@9oh
Pauline,Arstingall,parstingallgy@linkedin.com,parstingallgy,eH5#BQ*$~(j8W765|jS~
Berky,Deignan,bdeignangz@weather.com,bdeignangz,"tX0,NcZCRPC`'!vl"
Dorree,Yannikov,dyannikovh0@jugem.jp,dyannikovh0,sX3@cz?+taOzO#>s#g7W5)V(
Nev,Yarrow,nyarrowh1@boston.com,nyarrowh1,tT9+n)&qTeIQ
Ema,Parratt,eparratth2@squarespace.com,eparratth2,gW5~&vb@hL&|
Devondra,Krzysztof,dkrzysztofh3@geocities.jp,dkrzysztofh3,"dG8?.scj""{'nVCUY1Dq"
Cody,Rodolf,crodolfh4@mozilla.org,crodolfh4,cQ3}D2b#Qg/NIpxP`dsWX/
Berkie,Brusin,bbrusinh5@scientificamerican.com,bbrusinh5,qV8*8erzWVq0~
Trever,Jacklings,tjacklingsh6@wix.com,tjacklingsh6,jS9#SjI+28y?6oh+&L!
Zebadiah,Darbishire,zdarbishireh7@cam.ac.uk,zdarbishireh7,"hT1}30yP""oKtsxn"
Tracy,Beggs,tbeggsh8@sakura.ne.jp,tbeggsh8,vX4_d_'h_x#vdNj2NHWz
Willy,Karoly,wkarolyh9@telegraph.co.uk,wkarolyh9,pY4))W~BetZlT/sy%%6ake
Krystal,Sefton,kseftonha@weebly.com,kseftonha,wQ7|+usIVKprg{).YKq23wTy
Daloris,Prozillo,dprozillohb@disqus.com,dprozillohb,tE9`.8MR0nT*kO8?ii64*O&_
Spense,Moriarty,smoriartyhc@nps.gov,smoriartyhc,vE3}M6u#bo2Ki074t
Mateo,Bascombe,mbascombehd@ted.com,mbascombehd,cW5~sqCK>xLTExmq_$*mL
Eileen,Sheffield,esheffieldhe@wordpress.com,esheffieldhe,"rF3.f,/GBS3/N,H"
Mateo,Lamanby,mlamanbyhf@baidu.com,mlamanbyhf,"wS0&d0n4`~UK%y3Z<=d"">"
Tyler,Widdocks,twiddockshg@naver.com,twiddockshg,"xW9,D=syet""WIjxe"
Billie,Sacco,bsaccohh@twitpic.com,bsaccohh,"mZ7{TsPQ!rn,b1o?yH7""TlL("
Hedwiga,Nardrup,hnardruphi@google.fr,hnardruphi,"aV4'2eI(zl\1#zSeR""8My"
Randell,Cleever,rcleeverhj@umich.edu,rcleeverhj,aO6@qg?dfs_&'4%ff4nR`
Jerrie,Armytage,jarmytagehk@moonfruit.com,jarmytagehk,"aL6,=YG$p}cqLoWjF"
Corabella,Barnsley,cbarnsleyhl@umn.edu,cbarnsleyhl,hB5@M`8*A\.7=bS
Ive,Johnke,ijohnkehm@stumbleupon.com,ijohnkehm,hQ2$`ls69Od*
Ellerey,McGilbon,emcgilbonhn@wisc.edu,emcgilbonhn,yH2$={Z\`zF|zg
Bab,Marjoram,bmarjoramho@sbwire.com,bmarjoramho,lX5<7\W1`~s%tGX#$\F`
Chester,Dufaur,cdufaurhp@live.com,cdufaurhp,jC0~%hLHir{3fgAOx.w
Nickola,Pemberton,npembertonhq@independent.co.uk,npembertonhq,"tV8,$|_g@Gmtj3{um5i'd7"
Caterina,Basire,cbasirehr@sfgate.com,cbasirehr,jF3#nzRHm4yG
Thia,Doidge,tdoidgehs@utexas.edu,tdoidgehs,tW5(y5r?ofZ?}%b
Cherrita,Hinemoor,chinemoorht@cnn.com,chinemoorht,fL3&8XyrY/y(LI$j'(tYY#+f
Moyna,Gilburt,mgilburthu@usa.gov,mgilburthu,oZ8%Dzg7I0PMq
Corenda,Eckersall,ceckersallhv@census.gov,ceckersallhv,bE6%)&KFx!.9_E9O!
Garrik,Borborough,gborboroughhw@vkontakte.ru,gborboroughhw,"uN7\q""QaEvkh|xGYMu*4"
Reggie,Lavrick,rlavrickhx@networkadvertising.org,rlavrickhx,"gC5*,((V=cbv"
Isiahi,Osinin,iosininhy@forbes.com,iosininhy,rV3}*!GR`fR!U?OHUm1ef*.)
Donnajean,Canner,dcannerhz@yahoo.com,dcannerhz,"yF4""zd}$_?%Sn77l"""
Bud,Kubec,bkubeci0@sourceforge.net,bkubeci0,"wZ2.J""w8=p3i=pF.ch<'g6k"
Tobi,Nisco,tniscoi1@ftc.gov,tniscoi1,nJ7~>%%mZad=o'/@#u5cF
Laughton,Coppock.,lcoppocki2@123-reg.co.uk,lcoppocki2,sK2=e.0uxPY}n8{rG#~tp&
Thelma,Creed,tcreedi3@google.de,tcreedi3,zM6/BHtFS|>?L$/\8+z|(
Diego,Pitchers,dpitchersi4@archive.org,dpitchersi4,bP8(\<k)#C/G>@=9PX<?iO
Dedra,Spragge,dspraggei5@psu.edu,dspraggei5,aQ2?iWq=N(Ctfec}
Maurise,Janse,mjansei6@smh.com.au,mjansei6,kO8~y9`n$p$O#b+QNm/1=C5
Kristan,Baggally,kbaggallyi7@over-blog.com,kbaggallyi7,cR9&LZH8G#!dwIx7%+e#!\
Chrysa,Schwant,cschwanti8@about.me,cschwanti8,"mT1@xQ""xy@X<%wOJueqBr}VT"
Melloney,Banasevich,mbanasevichi9@about.me,mbanasevichi9,"uL3""HpHI_Un$8IlDw&2O|NVn"
Corny,Cathee,ccatheeia@home.pl,ccatheeia,tL3\N/eWLNwlA
Rozanne,Murney,rmurneyib@washingtonpost.com,rmurneyib,"oL7\mCF8Pr.1,"
Bruno,Job,bjobic@msn.com,bjobic,tS9>V(KXS>xOa
Valerie,Warre,vwarreid@census.gov,vwarreid,"gT4`xl,}mfH`jFZoS/""X0Y0n"
Jerald,Nulty,jnultyie@hexun.com,jnultyie,"mB5\o2Guv\=y2vWR""uE"
Durante,Downey,ddowneyif@google.de,ddowneyif,rH4$_rsq9>/gRn3'
Shandie,Fritchley,sfritchleyig@wsj.com,sfritchleyig,"vX9+u=|$ytt(kUV,a>"
Christye,Gaukrodge,cgaukrodgeih@columbia.edu,cgaukrodgeih,"qX4""dCjPoG)z"
Keeley,Wiltsher,kwiltsherii@sohu.com,kwiltsherii,kH3.)|TIVanbdF~oG((*
Burg,Dillinton,bdillintonij@stanford.edu,bdillintonij,lU0%C)kx/%VYp6xgh
Andros,Simons,asimonsik@sbwire.com,asimonsik,"fW2#3_qZ,I&~7.s1849|A#"
Stern,MacAscaidh,smacascaidhil@domainmarket.com,smacascaidhil,"lR8%}|{.n6%!##?eAB2l,Ksf"
Vonnie,Maseres,vmaseresim@arizona.edu,vmaseresim,"uO8_v<hz""QD|ZcJJ!dEBMs"
Giorgia,Fagg,gfaggin@biglobe.ne.jp,gfaggin,"zS6`mn""_6Rp.1zS"
Cristin,Brake,cbrakeio@w3.org,cbrakeio,"jC0??""iKdxPpF9\$"
Chancey,Elleray,cellerayip@a8.net,cellerayip,iE7@a@Hk5y7$o~|6K
Derrek,Moorfield,dmoorfieldiq@ft.com,dmoorfieldiq,"yW0_yEuCPnM,kX=o4JoJ,s."
Corenda,Stone,cstoneir@washingtonpost.com,cstoneir,oC6+HV6m28)X
Avie,Goss,agossis@shutterfly.com,agossis,iN5.F_Wx9q!(CL?
Nanon,Downham,ndownhamit@princeton.edu,ndownhamit,wG3{~+$EeMHNUh/w
Rosemary,Ommundsen,rommundseniu@blogtalkradio.com,rommundseniu,mQ3#pG8b(.1MXkY
Teriann,Horry,thorryiv@earthlink.net,thorryiv,dJ1_uwV@gm#y.!pe
Randi,Furber,rfurberiw@friendfeed.com,rfurberiw,"rA6>@{&1""KEkLmXdd1S=?"
Merle,Buxsey,mbuxseyix@about.com,mbuxseyix,vZ2$1RAnh{+e5)
Duane,Ainsley,dainsleyiy@cafepress.com,dainsleyiy,vY7/tP0=9Qb1NY<mt@Q
Keeley,Fratson,kfratsoniz@trellian.com,kfratsoniz,iN6!4yA%zDzb
Tabby,Ritchard,tritchardj0@live.com,tritchardj0,dZ7)Ma|4wcrJ
Adrien,Gooddie,agooddiej1@paypal.com,agooddiej1,fL6{eB6Ex$FBz
Wye,Fortune,wfortunej2@privacy.gov.au,wfortunej2,lC5{BLEWN/rx
Morgan,Pawelke,mpawelkej3@cornell.edu,mpawelkej3,gT8~S{<o7{~{<EM
Virgil,Berzins,vberzinsj4@hhs.gov,vberzinsj4,dX5~+G%yVTjgA)!S
Osmund,Dale,odalej5@liveinternet.ru,odalej5,bD1@sj#yr63PO1CH
Enrico,Gurge,egurgej6@wikia.com,egurgej6,"zY1&QxXt""O69bvKSEs6~5@cD"
Horatia,Ind,hindj7@squidoo.com,hindj7,"yF0'bPm|L|k{""tK@Gfb""y"
Gus,Upwood,gupwoodj8@mail.ru,gupwoodj8,jW6%o2*LLp'w
Dara,Gillian,dgillianj9@intel.com,dgillianj9,"iA7%|y,C_ZinmLnnq1hPl{xJ"
Kariotta,Maddick,kmaddickja@upenn.edu,kmaddickja,"fT2""I9)x'%H@(`JEw7"
Richy,Adenet,radenetjb@intel.com,radenetjb,nP1%SFS?f`C9A7XO
Abbie,Noir,anoirjc@marketwatch.com,anoirjc,"vL1#$D""Whs7D2P"
Paddie,Callam,pcallamjd@hexun.com,pcallamjd,vD4(h+y<0N*a()ewyZP9`wz5
Elliott,Brasener,ebrasenerje@ihg.com,ebrasenerje,sL2\.KGoX'o~PXT$uO}x>j9
Kellen,Kinglake,kkinglakejf@infoseek.co.jp,kkinglakejf,"vE5""Izf/j3|JX"
Fremont,Ebourne,febournejg@360.cn,febournejg,xW5~_7u0Ffy'S
Godfrey,Outlaw,goutlawjh@fastcompany.com,goutlawjh,lG6@VSdnpNj6c%}<
Vin,Jerman,vjermanji@etsy.com,vjermanji,yB8(IoF+D&drc+c0gZ
Elsworth,Clemes,eclemesjj@thetimes.co.uk,eclemesjj,"fD4*2y""doH6Va`(W\E(C6"
Valera,Botham,vbothamjk@biglobe.ne.jp,vbothamjk,"oQ5""a_yVlMDDg6BgW*c"
Shana,Maddie,smaddiejl@umich.edu,smaddiejl,xH0%CNo)T`nx.BE(PqeF\v38
Aviva,Rubes,arubesjm@squarespace.com,arubesjm,aP0&>.l|>DR3.6C
Valida,Ducrow,vducrowjn@hubpages.com,vducrowjn,"eH2""%L&`n/o'H}9g>q"
Connor,Liddon,cliddonjo@paginegialle.it,cliddonjo,vY3~9{hGF*GlQPEoK6tu'V)N
Sawyer,Pendell,spendelljp@psu.edu,spendelljp,tA1*QjoKW7ruz8
Husein,Roels,hroelsjq@pinterest.com,hroelsjq,nH6.qU_<)!gR\+9hx.7
Martita,Whal,mwhaljr@usa.gov,mwhaljr,fX2%k!t2_Y+eO/FrHYRM
Roxana,Filby,rfilbyjs@techcrunch.com,rfilbyjs,cQ1/QoKj0cM3F>V`lF
Leoline,Langdale,llangdalejt@over-blog.com,llangdalejt,sA5)@c1E3@Uy$9|*{1?3fc9
Dacia,Ainslie,dainslieju@google.com.hk,dainslieju,jO5$Q1DZ05mdy3R%am
Daffie,Slavin,dslavinjv@uol.com.br,dslavinjv,jZ6&{oCX!|}JRfykcP=sk
Susanne,Romanski,sromanskijw@naver.com,sromanskijw,tJ0+3H`ttihP62
Ronni,Cardon,rcardonjx@gnu.org,rcardonjx,"kH8,m/AH4'u_a4'm.{VZ"
Imelda,Tabard,itabardjy@guardian.co.uk,itabardjy,eQ2|)''}\$$>q8q
Dionne,Davern,ddavernjz@noaa.gov,ddavernjz,"oM3@$&Of1=eadKI,dyh\"
Dorie,Porson,dporsonk0@census.gov,dporsonk0,iI3?{UlM+DJxV|@M
Patrizio,Dargie,pdargiek1@fema.gov,pdargiek1,"vN9/d_Z1oY~h,"
Ginger,Tobin,gtobink2@moonfruit.com,gtobink2,"gN0=""m2DEK`HYV"
Elsie,Wormstone,ewormstonek3@washingtonpost.com,ewormstonek3,"dL0)4|2tt9%Ke,E*"
Walsh,Catlin,wcatlink4@newsvine.com,wcatlink4,"nX2%u?x|`&_,'(F"
Matty,Stoffel,mstoffelk5@bloglovin.com,mstoffelk5,"xB7""vfaAtICl"
Gilbert,Smiths,gsmithsk6@webnode.com,gsmithsk6,kV3&/0q><R'HyJcuJe1@H%a
Hyacinthia,McKew,hmckewk7@tinyurl.com,hmckewk7,fL1\b4WUscKt#K%K/l
Genvieve,Kears,gkearsk8@domainmarket.com,gkearsk8,iB7$K%%Ndq!c6xMGgG
Perry,Twycross,ptwycrossk9@guardian.co.uk,ptwycrossk9,hX2\<dT&e#jcwcg/
Mozes,Maplethorpe,mmaplethorpeka@psu.edu,mmaplethorpeka,sE2({CU}%/0)}
Herman,Chritchlow,hchritchlowkb@sitemeter.com,hchritchlowkb,"aH0$+EI,5khW=_!JB?$"
Kristien,St. Ledger,kstledgerkc@google.de,kstledgerkc,"rU8_)W?+GH?""T}\%C'"
Ninon,Kilpatrick,nkilpatrickkd@howstuffworks.com,nkilpatrickkd,"nX6$p>KxFX%2Xq""#'Uu"
Ninnetta,Stairmand,nstairmandke@yahoo.com,nstairmandke,"zC0<`,WjEu+?_nVPCCrCWN"
Van,Luddy,vluddykf@people.com.cn,vluddykf,"vH7~1Eo(_'{`vV/_/CL,v4/8"
Ellyn,Breinl,ebreinlkg@boston.com,ebreinlkg,tR0*A+Q!(Xxcj?#mq<{Z
Cass,Peattie,cpeattiekh@rediff.com,cpeattiekh,rW0_U7HS!U9')/5'
Lek,Cromblehome,lcromblehomeki@google.de,lcromblehomeki,aG5!IN&*JrJ{|e6Q\jmK
Perice,Studdeard,pstuddeardkj@ning.com,pstuddeardkj,tD1$z2QV{)bq`j||mvq*|
Darryl,Jozwiak,djozwiakkk@google.pl,djozwiakkk,"xI0$`~MOD|<+d""jR"
Sibby,Cossins,scossinskl@alexa.com,scossinskl,tY9&U@Z<z=I1_5U}DUt=
Shelbi,Randalston,srandalstonkm@time.com,srandalstonkm,aB1(&=Rif|5>ZNBbI43T
Ianthe,Lasham,ilashamkn@last.fm,ilashamkn,"wQ5%Xl62,!17#OZw"
Agnola,Wildor,awildorko@ocn.ne.jp,awildorko,"zJ9\6""~IiBBhBo"
Jase,Pinnocke,jpinnockekp@timesonline.co.uk,jpinnockekp,jI9'KWZ8_w2`=eWZ
Barnie,Yakunchikov,byakunchikovkq@sun.com,byakunchikovkq,"cN1,z}B&1m1LY5yzn<,""0"
Allayne,Loxly,aloxlykr@umich.edu,aloxlykr,vU1}XD9(|21v*E(Be=3b
Major,Spataro,mspataroks@so-net.ne.jp,mspataroks,"qD0,Wz(Hawb+/\!=p"
Romeo,Alten,raltenkt@infoseek.co.jp,raltenkt,yT3#yJqHUramct}?MkX
Fair,Adnams,fadnamsku@imgur.com,fadnamsku,nP3?=K1U!HXNz.K~hV7
Ericha,Crocombe,ecrocombekv@biglobe.ne.jp,ecrocombekv,tC0=N}ZNEZ0>bA
Barr,Stribling,bstriblingkw@artisteer.com,bstriblingkw,pJ5|ppRKSW!IEf
Dareen,Neame,dneamekx@mit.edu,dneamekx,xF4\MYulcJdUOg\SMa
Donna,Tevelov,dtevelovky@reuters.com,dtevelovky,aS1'qa7l4&{z)Z
Sergeant,Kleinlerer,skleinlererkz@bigcartel.com,skleinlererkz,vW5=#CTMF'3!
Gigi,Schimek,gschimekl0@weather.com,gschimekl0,"qL0>ssK<l'nG{,Vde%t((7"
Faber,Burford,fburfordl1@sciencedaily.com,fburfordl1,"mH2""j}%x<r7ugv_/)"
Audy,Kunzler,akunzlerl2@ed.gov,akunzlerl2,xC7~Cw&>r+HT4
Artus,Wale,awalel3@usatoday.com,awalel3,"bH3@zsP.m""TMZ!dd,|q\|vr'"
Vasily,Filyushkin,vfilyushkinl4@joomla.org,vfilyushkinl4,tM4@s&lvr{>S!
Dannie,Trayling,dtraylingl5@alexa.com,dtraylingl5,qF9+W)s&B5Y+B
Art,Jennaroy,ajennaroyl6@cnn.com,ajennaroyl6,oY4)vg|WLD4\(|C1n6Viss'(
Tomi,Salmen,tsalmenl7@samsung.com,tsalmenl7,kY8|5<qbjql>Xb|
Chrisse,Crowe,ccrowel8@parallels.com,ccrowel8,kS4`#Z!YKN)K(
Reid,Mathonnet,rmathonnetl9@purevolume.com,rmathonnetl9,eL0{f7/=L0v9`Q
Gabbie,Farquharson,gfarquharsonla@wikipedia.org,gfarquharsonla,mO1+tKI96Qf3#6N_D)C
Carmita,Caiger,ccaigerlb@delicious.com,ccaigerlb,jJ2<Y.GoTtkwNS58
Jemimah,Ladlow,jladlowlc@elegantthemes.com,jladlowlc,bM9/d.<nIFL4!_t
Tarah,Rookledge,trookledgeld@lulu.com,trookledgeld,"pP6,Je<6~{EIth52}?q"
Lyn,Woolley,lwoolleyle@china.com.cn,lwoolleyle,lT3/d5KCz29_XmW1Q
Florina,Huntingford,fhuntingfordlf@smh.com.au,fhuntingfordlf,mY9/>r_mV*F\_
Niki,Awty,nawtylg@smh.com.au,nawtylg,sO7.&'DhT'Hobx3<AJK
Doralyn,Gandy,dgandylh@bloglovin.com,dgandylh,gS0()JBF=$Cu{#I&y/Q`Yw&s
Fax,Milsted,fmilstedli@zimbio.com,fmilstedli,fE5'2h_XMNbS?K
Nita,Delnevo,ndelnevolj@blogger.com,ndelnevolj,"iH7_tpE77dAf./UH2""oZS"
Aron,Stranieri,astranierilk@about.com,astranierilk,"mW5#J""'1,9H0$l&'e"
Andie,Filde,afildell@newsvine.com,afildell,tO3}%6CO)cL@3<wG9px2
Carmella,Lowey,cloweylm@webs.com,cloweylm,jE4}Wa)49W=pVKXN
Silvana,Jenk,sjenkln@mapquest.com,sjenkln,"fD5""Bef1$(Y8ds"
Llewellyn,Ranking,lrankinglo@java.com,lrankinglo,iR4|Y%dU#O~lcU6G
Augie,Blythin,ablythinlp@java.com,ablythinlp,iS1`fT{8J!G<v&Ifq`IwN
Harrison,Peatman,hpeatmanlq@sciencedaily.com,hpeatmanlq,dC8#fq=l=._SBzd
Ginny,Blaszczyk,gblaszczyklr@homestead.com,gblaszczyklr,kG9'H9)F(x_Xr17C|a|
Christan,Acock,cacockls@smh.com.au,cacockls,rG1<OLT=o2!9<!zuVkLp
Debra,Terrelly,dterrellylt@yahoo.co.jp,dterrellylt,mU2)8hhZ3hX%lIb)`e?
Gib,Tym,gtymlu@amazon.de,gtymlu,yI1!nf19r+GM`SK(yUPFpMg
Gusty,Laverenz,glaverenzlv@hatena.ne.jp,glaverenzlv,"uR9,OrbGGRlRX#F)5W8%"
Townie,Cancelier,tcancelierlw@shop-pro.jp,tcancelierlw,gU3?%vJL(t*tp7>Wx}o
Zita,Bugbee,zbugbeelx@moonfruit.com,zbugbeelx,"wH6`u#3n<=z.,d!B*"
Shurlocke,Lemerie,slemeriely@irs.gov,slemeriely,iX6'im&wL<&p{9O5ZP(5!#
Patrizio,Stollenhof,pstollenhoflz@uiuc.edu,pstollenhoflz,nM1/iPUj<4J*KI'USvj
Humfrid,Wellstood,hwellstoodm0@nasa.gov,hwellstoodm0,"hU6@?WJ)GDmC<hk@<Gmb"""
Brodie,Satchell,bsatchellm1@naver.com,bsatchellm1,pL1~<LfAl!41o<j0
Edythe,Roja,erojam2@usnews.com,erojam2,uO2)uZ'fW6iGx'R
Giulietta,Arbuckel,garbuckelm3@blogtalkradio.com,garbuckelm3,uF3*lSLXsmYqetV1a
Star,Alfonsetti,salfonsettim4@dailymotion.com,salfonsettim4,"aK2(5M**JpnU7""'E/5SqOfd"
Jinny,Rames,jramesm5@harvard.edu,jramesm5,mR9)=4Y}+SW@{fkkBf=ZVu
Evelin,Widger,ewidgerm6@mapquest.com,ewidgerm6,zI2%eBH3YpJNj
Sutherlan,Kingswood,skingswoodm7@nsw.gov.au,skingswoodm7,"hO1,n&VAXcF<}?c"
Roda,Weyman,rweymanm8@army.mil,rweymanm8,"pH9*PE0=""f,>"
Phelia,Aartsen,paartsenm9@typepad.com,paartsenm9,rT8}2P$D<e5h2GwU~~P|F
Colas,Cunio,ccunioma@yolasite.com,ccunioma,lR0?/_$+40U|2syEVt(UnWK
Danila,Benini,dbeninimb@uol.com.br,dbeninimb,bY3\emtSAd(V
Levon,Tregoning,ltregoningmc@prweb.com,ltregoningmc,mZ9$x&*N65YA)jUXMf2k$bqA
Donavon,Haggis,dhaggismd@yelp.com,dhaggismd,oW0_bntIR7}C
Galvan,Babber,gbabberme@cnn.com,gbabberme,"oS3$7L0TGK>w""p""c"
Javier,Richten,jrichtenmf@patch.com,jrichtenmf,eN6.}fzToNWmnv@(F1h$z
Rolph,Strodder,rstroddermg@gmpg.org,rstroddermg,hZ8/u<{'r}?L
Allyson,Rodie,arodiemh@plala.or.jp,arodiemh,jM9/WrFFax{/!0.}
Salomon,Keymar,skeymarmi@google.cn,skeymarmi,aQ4'SR6sG\PfCysa
Joly,Autie,jautiemj@nps.gov,jautiemj,uV7'RXnPt<<UA504a>l#D*e4
Aurelie,Bignal,abignalmk@pen.io,abignalmk,iF9\xWV*$Fy9G
Cristabel,Covely,ccovelyml@ftc.gov,ccovelyml,"yA3`k1O0{tNa(%,mY4{J#d"
Avictor,Sapena,asapenamm@paginegialle.it,asapenamm,tP5|`Z4E@BmO*B3
Georgianna,Eades,geadesmn@zimbio.com,geadesmn,vE6#vh#TBIdhdg<b
Byrann,Corkill,bcorkillmo@noaa.gov,bcorkillmo,pM8~)@!M@I+)JL&hr6/D
Terri,Rentcome,trentcomemp@cpanel.net,trentcomemp,dP8@'yx&w3H@
Ardyce,Ancell,aancellmq@issuu.com,aancellmq,xQ8?bf'(VJ4CA
Gwendolen,Luttgert,gluttgertmr@statcounter.com,gluttgertmr,rF4(eR#iBpzw_t'yy$
Jannel,Mattiassi,jmattiassims@chicagotribune.com,jmattiassims,rP0~zmw_m~T<&Zh4+Z
Alastair,Sarvar,asarvarmt@slate.com,asarvarmt,xW3(@/%R~@KG
Gayler,Worboys,gworboysmu@cloudflare.com,gworboysmu,tD0~DmhfOnQWYMkJm
Janenna,Soot,jsootmv@homestead.com,jsootmv,"jD7}Jyf5g,/IZ/asE/H#"
Tersina,Brumfitt,tbrumfittmw@yandex.ru,tbrumfittmw,rZ9\s!z!6&.!Rh}hUFwUy
Quill,Littefair,qlittefairmx@gravatar.com,qlittefairmx,tV2(+5d&Q>&{@I9tr$=~U28
Bettina,Strettell,bstrettellmy@usatoday.com,bstrettellmy,"xS0)593C""1)+eIF)J7mvN3"
Ronnica,Hanratty,rhanrattymz@tripadvisor.com,rhanrattymz,wS9!f}N*Kfbe(lVW_.7)oWg
Sibley,Woodberry,swoodberryn0@usatoday.com,swoodberryn0,kB4`I?tk{4&HsXAE
Alisa,Dmitrovic,admitrovicn1@godaddy.com,admitrovicn1,"qN5'""Ok40}_4w<gi""`9s"
Germayne,Lepoidevin,glepoidevinn2@aboutads.info,glepoidevinn2,rK3()9dOlV7(KCg4<P!Jsc
Neda,Sandwith,nsandwithn3@csmonitor.com,nsandwithn3,"cI8$,}D.{""j&{d"
Ninon,Swaine,nswainen4@hubpages.com,nswainen4,"lH3?CJ/},&LYfUnw\?55Vvn"
Thomasina,Sutherland,tsutherlandn5@earthlink.net,tsutherlandn5,vI6/$q}1@H'BSE~p
Seamus,De Wolfe,sdewolfen6@stanford.edu,sdewolfen6,rS9}XZ{4e7m$6%\
Yuma,Francklin,yfrancklinn7@indiegogo.com,yfrancklinn7,"zV3*3>aa)c\mfF{yQP)F,"
Cody,Font,cfontn8@patch.com,cfontn8,nU3~or7U=XBx/U}
Ansley,Hollyman,ahollymann9@mail.ru,ahollymann9,cO9!|tDw$sSu2i0*CDe>A&
Royce,Aikin,raikinna@barnesandnoble.com,raikinna,zD6.($@vW0$uIhj~J0
Ferdinand,Fewkes,ffewkesnb@surveymonkey.com,ffewkesnb,"eQ8?ND@OdP""_y9_y"
Kristo,Farndale,kfarndalenc@domainmarket.com,kfarndalenc,bJ7$?WDwFz|VS
Ginelle,Ritch,gritchnd@paypal.com,gritchnd,iT7<q'a6#aQeIN9UVz
Bram,Magenny,bmagennyne@salon.com,bmagennyne,"vC7,p#=e0{.fVM$Z.66@Z&y"
Dov,Breen,dbreennf@e-recht24.de,dbreennf,"dE6@pMk{zWT"""
Diane,O'Dempsey,dodempseyng@cafepress.com,dodempseyng,yA8`ww('WimNnIMqadNnG
Wilow,Benazet,wbenazetnh@wikimedia.org,wbenazetnh,fP9}&Bsz~ciaih
Brooks,Maultby,bmaultbyni@csmonitor.com,bmaultbyni,"nR1,@}~b~ZN('{"
Jaynell,Bointon,jbointonnj@boston.com,jbointonnj,fI9$3\=JIh~H}*i!*pKhC5
Alexandr,Rogers,arogersnk@hatena.ne.jp,arogersnk,oU0`pv%l==|9~.<3~c+d
Tomkin,O'Regan,toregannl@psu.edu,toregannl,dE6)NkAd=xB'0)4J)?tpFZV\
Phil,Chatres,pchatresnm@ibm.com,pchatresnm,yU9*8U%|P*e'
Devland,Maud,dmaudnn@xinhuanet.com,dmaudnn,dX5*Zap=F'kj%JijA\_a
Reagan,Brabham,rbrabhamno@hp.com,rbrabhamno,"yV3*W""rut{`@a3jV|zZ"
Brittani,Gianulli,bgianullinp@de.vu,bgianullinp,aT1`VHj2BaI8MRB5{G
Clair,Cadney,ccadneynq@ftc.gov,ccadneynq,dB0'Kfu4Vo)CN.A<X~
Theresa,Honacker,thonackernr@indiegogo.com,thonackernr,"eH8&Em+#1~""M8R.UT1"
Frederik,Roslen,froslenns@tiny.cc,froslenns,dZ1@z>gyADkp561
Alaine,Robelow,arobelownt@newyorker.com,arobelownt,"gB0|""+wO'_>)$1_I/"
Mathilda,Emmatt,memmattnu@chron.com,memmattnu,"hM0._/lV8c&W?WB2f$""Q2v"
Berny,Hourihan,bhourihannv@forbes.com,bhourihannv,"jO9#fFVA41Pn4=M""Aq"
Midge,Elder,meldernw@mediafire.com,meldernw,"lG7+N>""B2bJBk8yR3"
Elsinore,Grigor,egrigornx@hibu.com,egrigornx,xX4{Cjs<%J'{Y?
Winifield,O'Dowgaine,wodowgaineny@umn.edu,wodowgaineny,"kI8\pvos5j,7e@"
Griffith,Norquoy,gnorquoynz@independent.co.uk,gnorquoynz,yI1?k<=ZA*6/
Christiana,Beavis,cbeaviso0@1und1.de,cbeaviso0,hF9%?(/~xOP+
Colin,Petzolt,cpetzolto1@usgs.gov,cpetzolto1,"qC2,U<C2=ToZCV"
Heather,Brickwood,hbrickwoodo2@cam.ac.uk,hbrickwoodo2,iL0&u1uCbzUEPvSEKJh86TV
Lissa,Ahrens,lahrenso3@state.gov,lahrenso3,wL6<O$f?|\.`R
Terrill,Spalton,tspaltono4@chronoengine.com,tspaltono4,kU0{!#1D(|$I>Hki+<}v5
Miltie,Masey,mmaseyo5@ask.com,mmaseyo5,"cH6#thV5U3\Qdx,_YeOjA?"
Katina,Oliphard,koliphardo6@sohu.com,koliphardo6,"jG4)DgM5GYhwI3a"",D"
Gretta,Leneham,glenehamo7@thetimes.co.uk,glenehamo7,bN6>Wc+Ao>h'_eDFBj8k
Miguel,Doxsey,mdoxseyo8@dion.ne.jp,mdoxseyo8,jW7+nL7wt?b+*N<w<
Johan,Nodin,jnodino9@histats.com,jnodino9,nW5=/V260<LKxw{}
Cherrita,Bausmann,cbausmannoa@prlog.org,cbausmannoa,jL6@euGacUCj5/@HU8CzcQ
Quintus,Foddy,qfoddyob@accuweather.com,qfoddyob,pR3<CIA}\<}}RSa%<}9>L
Rocky,Joddens,rjoddensoc@washingtonpost.com,rjoddensoc,wU9#F%r+|tLE?Zp
Jodie,Evamy,jevamyod@etsy.com,jevamyod,oX4<%_kA*mgcNqn2m
Mariquilla,Mendus,mmendusoe@netlog.com,mmendusoe,bV0{M73(oo_LlkoqGl
Willie,McMichael,wmcmichaelof@yellowpages.com,wmcmichaelof,zR5~&fH2#{tw|=`
Ranee,Gulc,rgulcog@ft.com,rgulcog,"mZ1&u4""/G!+dvJH"
Ranee,Filippyev,rfilippyevoh@time.com,rfilippyevoh,"cH6""B#(dX?u0boZ8K}ZaJ"
Deeyn,Ternent,dternentoi@mediafire.com,dternentoi,"lQ1_eAF""a45/e2\?"
Terrence,Duffan,tduffanoj@sitemeter.com,tduffanoj,tS0'(.~DS2Bq1s90Ryz
Murial,Opie,mopieok@telegraph.co.uk,mopieok,"qC1,YS(f@%l\9{wXy}\"
Gaultiero,Gaspard,ggaspardol@fotki.com,ggaspardol,"kF3@l}YiQ.3_Nah/H,qP"
Milli,Wilcocke,mwilcockeom@163.com,mwilcockeom,"lR7|2{""vDqEB8Bdl+@we1bu"
Xavier,Entreis,xentreison@wisc.edu,xentreison,hU3~He33S~6XmJpRz6\
Dionisio,Kent,dkentoo@vkontakte.ru,dkentoo,wC4#B|QdaAw#sE$
Doralyn,Norwell,dnorwellop@istockphoto.com,dnorwellop,rJ8=el3XNvc)G
Lazarus,Mertel,lmerteloq@so-net.ne.jp,lmerteloq,"gH8@Vz#w(`JyKqo+ZR""A"
Franciskus,Bresnen,fbresnenor@lulu.com,fbresnenor,iT4>uhh/WF_w
Kelli,Coldman,kcoldmanos@joomla.org,kcoldmanos,cO2/&Q.5J4Xd&g
Twyla,Fayre,tfayreot@multiply.com,tfayreot,yI0>b{pj|CPS
Jemmy,Bentham,jbenthamou@icq.com,jbenthamou,sC9_a#enO$_r?`t%Uk)
Ragnar,Grenshiels,rgrenshielsov@smugmug.com,rgrenshielsov,qP1<`eV%HemF$j0#IbX
Hiram,Stuttard,hstuttardow@mtv.com,hstuttardow,"rP4.tp""/'ER_G""c*Ju"
Lauraine,Kiehne,lkiehneox@nymag.com,lkiehneox,rT5&4=*'bWga3ANAd6po@gK
Gizela,Gencke,ggenckeoy@networkadvertising.org,ggenckeoy,iQ7=|%dsRu4Z&
Beulah,Exton,bextonoz@statcounter.com,bextonoz,vS1@`L4!HMe0c=mr=+R?M4X
Carney,Jaye,cjayep0@toplist.cz,cjayep0,kB8*&>$c*|9A`#3tiM
Maxy,Hallede,mhalledep1@1und1.de,mhalledep1,zY8%dKs*s7d6ex7qGIl)
Hector,Crapper,hcrapperp2@ibm.com,hcrapperp2,"dN6""7T$e<X9e#"
Austen,Sackur,asackurp3@addtoany.com,asackurp3,"zD1'mk9urbl,se6B"
Yettie,Cowderay,ycowderayp4@last.fm,ycowderayp4,"jP5\3eWy4x~~K""J5"
Kellia,Le Breton,klebretonp5@nytimes.com,klebretonp5,tH5<3|V2{yQ\8t+9~}B.(
Lee,Kasman,lkasmanp6@chron.com,lkasmanp6,lM0@T'0{Gdfm
Anneliese,Castellan,acastellanp7@latimes.com,acastellanp7,"cW0\FW)pZow$,"
Drusie,Stanning,dstanningp8@altervista.org,dstanningp8,nL1)(LV~HVa'PK~3d|Iq}8
Evelyn,Barnett,ebarnettp9@goo.ne.jp,ebarnettp9,aT0!dk>\dn=yzMy%{Q
Dario,Percy,dpercypa@theatlantic.com,dpercypa,uG8{H(5S8F4#j2owazgPK
Renado,Schettini,rschettinipb@discuz.net,rschettinipb,"yY1(""*{tOF6~YV"
Fayette,Jenner,fjennerpc@meetup.com,fjennerpc,aS3_V=V|0C=>j
Farlay,Mullinder,fmullinderpd@ucla.edu,fmullinderpd,wB6#h8s#&*ht!%o\hS44
Haze,Fritche,hfritchepe@marketwatch.com,hfritchepe,hS7/R2Bt|fxz
Stefania,Saltwell,ssaltwellpf@sakura.ne.jp,ssaltwellpf,eQ1=KW?\UI3O74/$<WK5t
Laurie,O'Farris,lofarrispg@theglobeandmail.com,lofarrispg,kG4$K{5E?P$DW
Niven,Bradlaugh,nbradlaughph@irs.gov,nbradlaughph,"rR3}hYN""0Jj/HO3#'&"
Martelle,Pargent,mpargentpi@mysql.com,mpargentpi,eM0|ujcFCzBrelu9_
Vitia,Bonny,vbonnypj@qq.com,vbonnypj,dT5@_/u27CHiD(
Kermit,Bentall,kbentallpk@e-recht24.de,kbentallpk,aR2$DNg1}tmF}|~fr+R
Orella,Camamile,ocamamilepl@amazon.de,ocamamilepl,lC8&`uIA`.9P9Lb
Hedwig,Drayson,hdraysonpm@miibeian.gov.cn,hdraysonpm,"uU7+<,<zuHFiLXG!~"
Gifford,Diegan,gdieganpn@devhub.com,gdieganpn,xZ6~D/%+&nZ+jI
Josselyn,Bahlmann,jbahlmannpo@japanpost.jp,jbahlmannpo,lW7`(&D6Xe7!SH+)s
Tricia,Dufer,tduferpp@booking.com,tduferpp,zL6.<Bgpg08m?Bt}xoWD|s}b
Janaye,Webster,jwebsterpq@senate.gov,jwebsterpq,"rD1+0_\!}A#!0#ZS<+9Wy~h,"
Shea,Gulk,sgulkpr@xing.com,sgulkpr,yI3}F|>lhUmh
Novelia,Wagge,nwaggeps@addtoany.com,nwaggeps,"jZ1{J9A!hRTq""O"
Fons,Arnson,farnsonpt@craigslist.org,farnsonpt,"wN2_5,x$>5@Y"
Lonna,Schimek,lschimekpu@jimdo.com,lschimekpu,hJ0@Ff'P%&b1k5)iI/
Jackqueline,Southard,jsouthardpv@google.ru,jsouthardpv,kU6<p\7MmiFw2}wcoU
Annamarie,Cristea,acristeapw@ameblo.jp,acristeapw,"aR4?Dk`7""n{n\/"
Emilia,Whorall,ewhorallpx@123-reg.co.uk,ewhorallpx,"aU8""L!q+L8.$kryOUpUKO"
Glynis,Bullard,gbullardpy@wired.com,gbullardpy,oJ7//&cdukfMa
Rhetta,Feighry,rfeighrypz@constantcontact.com,rfeighrypz,gI5`$bw%EFp`H}
Hedwiga,Doggrell,hdoggrellq0@boston.com,hdoggrellq0,"tN7/NR|""d/pRwG\3YloKCiP"
Mathilda,Lawlor,mlawlorq1@yelp.com,mlawlorq1,"jU9(QKz&?Fwub},@"
Rosy,Gozzard,rgozzardq2@accuweather.com,rgozzardq2,"hS8/&F~zzu0pG/0,{"
Nona,Cotta,ncottaq3@lulu.com,ncottaq3,"aO7/+sB1K#M+xANm?,"
Oralee,Markwick,omarkwickq4@globo.com,omarkwickq4,wR7.XexeDzdBEy!L?Fd%'ozY
Esdras,Haughian,ehaughianq5@vinaora.com,ehaughianq5,"sR5'#Xi'M}Z_Es"""
Mitch,Genery,mgeneryq6@nih.gov,mgeneryq6,"iC0(B,pcyW2q&""v+B{odH"
Mel,Blaksley,mblaksleyq7@nifty.com,mblaksleyq7,"aV5&q.FQU2'i,"
Eddie,Moy,emoyq8@mayoclinic.com,emoyq8,pK6=t$/h5GU<7O.
Gertrud,Cristou,gcristouq9@histats.com,gcristouq9,rV4'm_0V=~B*G}
Vonny,Saffin,vsaffinqa@newsvine.com,vsaffinqa,"tY8,Pn<h$\pBB#_t|r<#"
Wilden,Sextie,wsextieqb@cocolog-nifty.com,wsextieqb,xW9.2PI'u%GVv1D(P~XY=
Zia,Fawley,zfawleyqc@paginegialle.it,zfawleyqc,iR2$LJv%rVg7V$z+0'
Breanne,Gooderick,bgooderickqd@oracle.com,bgooderickqd,sP9$0Xm7Gi.I%K$Az/_FAuu'
Hayes,Lomasna,hlomasnaqe@biblegateway.com,hlomasnaqe,"nJ0!VH`2)oDL1_2{""EF7O{#"
Aretha,Bilfoot,abilfootqf@archive.org,abilfootqf,"cH2,w$""Ra{A$>"
Farrah,Monkley,fmonkleyqg@msu.edu,fmonkleyqg,uI2+@Eg`'0LXI_+w.w/SZz
Nikoletta,Cochet,ncochetqh@symantec.com,ncochetqh,tZ8~&*!|(bU=Ooxg6%$R
Mylo,Ewington,mewingtonqi@weebly.com,mewingtonqi,rP6|fM*E6TTR_z*
Royall,Yakunchikov,ryakunchikovqj@scribd.com,ryakunchikovqj,"pM9,l%7U,bVl"
Britni,Soffe,bsoffeqk@shareasale.com,bsoffeqk,wD2%Xdiu!z1Ltm
Giovanni,McKellen,gmckellenql@pbs.org,gmckellenql,yJ7+sX'Jn>0aGpTQXX|
Leann,Foystone,lfoystoneqm@apache.org,lfoystoneqm,qA2?0G8*u!p*D<8uR~kq!yf
Maurie,De Vaar,mdevaarqn@smugmug.com,mdevaarqn,mF9+1y4pU%=9_9.8WlB
Magnum,Spancock,mspancockqo@weibo.com,mspancockqo,"nC1~oS|""5Rvlx@O}?/"
Georgeanna,Ferneley,gferneleyqp@360.cn,gferneleyqp,aQ0|j|(A.Xg}
Merrielle,Beevor,mbeevorqq@narod.ru,mbeevorqq,eR6.z'E@YEv%Hsc(hZe\~u
Deane,Aumerle,daumerleqr@list-manage.com,daumerleqr,eR8`46b+iTN+6
Tallia,Tuffrey,ttuffreyqs@ameblo.jp,ttuffreyqs,"rL7+""`Z__~&}?m=*_"
Keelia,Muslim,kmuslimqt@livejournal.com,kmuslimqt,dM8(<_<IPo'fB#pnAhK5
Zed,Dovydenas,zdovydenasqu@statcounter.com,zdovydenasqu,bA4\Z775**e?gbXUBQF9N7
Earvin,Taylorson,etaylorsonqv@fema.gov,etaylorsonqv,nS1{Ls>q#HFU1%}
Tamas,Volet,tvoletqw@geocities.jp,tvoletqw,aA4@cZ4yWM\nKC*I$I|3!<Cb
Charity,McManamon,cmcmanamonqx@chronoengine.com,cmcmanamonqx,fJ9)%qf)hpfXdAjW
Teodora,Brigshaw,tbrigshawqy@disqus.com,tbrigshawqy,tV3@g#m0~9DStL
Ugo,Genever,ugeneverqz@delicious.com,ugeneverqz,"pT2!m""4)NZ8.i\9"
Xena,Bricknall,xbricknallr0@github.io,xbricknallr0,cL8_=D+m#d}7$
Inglebert,Feldhammer,ifeldhammerr1@deviantart.com,ifeldhammerr1,rM3@OJgL!Kd!lb2J9
Elita,Rosina,erosinar2@examiner.com,erosinar2,"kK4""vIoLc*2""cav6D"
Adeline,Fearenside,afearensider3@oakley.com,afearensider3,"zJ5,WHS3h*(#rHLGX'eTQ"
Katrinka,Dinnington,kdinningtonr4@microsoft.com,kdinningtonr4,oJ9'&Agf|VNC{$!
Julina,Antoszczyk,jantoszczykr5@hhs.gov,jantoszczykr5,yY1&LEzTfr~{8
Nevsa,Eilers,neilersr6@marriott.com,neilersr6,jP4|wudvhA@9iY</=`&sRHC
Alfredo,Simounet,asimounetr7@is.gd,asimounetr7,xX7+(H7$_79uN.YO`D<p
Gretta,Vahey,gvaheyr8@toplist.cz,gvaheyr8,"yR2?q5oa2!""V7mzA~J"
Mac,Inch,minchr9@slate.com,minchr9,"xF5|""oMulof4,+P7TP(9K=l"
Maurita,Owbridge,mowbridgera@4shared.com,mowbridgera,uI8.`f$=f.zCZW2
Gerhard,Southers,gsouthersrb@google.de,gsouthersrb,jW2&5RJZU$Si*W(+S
Faber,Matuschek,fmatuschekrc@jigsy.com,fmatuschekrc,"pN7\ts+gjC8',*)d"
Jeremiah,Franses,jfransesrd@smh.com.au,jfransesrd,"wC1'spfTA=WMb2>6,"
Berkie,Danett,bdanettre@independent.co.uk,bdanettre,"dG8|GAhS?*my""rTQ=n"
Ernestus,Huffa,ehuffarf@virginia.edu,ehuffarf,"gL3'&v7ZTW""8t2eRP&$~u"
Antonie,Hrycek,ahrycekrg@scribd.com,ahrycekrg,bT4/)HMRaYi.Oo0J
Doralyn,Lovat,dlovatrh@clickbank.net,dlovatrh,"nV2=""ocY',Wl"
Floyd,Rowett,frowettri@answers.com,frowettri,dL1%Me4<`w4Kx
Dannie,Steele,dsteelerj@themeforest.net,dsteelerj,"gV3`4{48vvl_x""?O"
Howie,MacCome,hmaccomerk@hc360.com,hmaccomerk,rS8/n.v`qIgG/E1%L
Alair,Longland,alonglandrl@google.ca,alonglandrl,eW1=Ei22sHM>lv0)>?~=)
Martie,Roberds,mroberdsrm@gmpg.org,mroberdsrm,"dK7_3K3H8CLWk+<J,>x@jI"
Cariotta,Musico,cmusicorn@webs.com,cmusicorn,pT6@LTNBch?NVBaS_cA
Jeanne,Mavin,jmavinro@smh.com.au,jmavinro,pN8'vF5'fs4NY`?RDl.vK$mK
Anselma,Mascall,amascallrp@businesswire.com,amascallrp,uI1~n.KKBW)PMBgtTlo~
Simon,Gremane,sgremanerq@gov.uk,sgremanerq,"zV8,aT4uY*0xcF/#.f"
Brok,Lowry,blowryrr@ftc.gov,blowryrr,nF1&dC>wjfe7@(?1I9cdc
